../models-master/algorithms/distributed-hashtable/chord2.als; ../models-master/algorithms/distributed-hashtable/chord.als; 11202; 585; false
../models-master/algorithms/distributed-hashtable/chord.als; ../models-master/algorithms/distributed-hashtable/chord2.als; 11542; 489; false
../models-master/algorithms/distributed-hashtable/chord.als; ../models-master/algorithms/distributed-hashtable/chordbugmodel.als; 3640; 266; false
../models-master/algorithms/distributed-hashtable/chordbugmodel.als; ../models-master/algorithms/distributed-hashtable/chord.als; 3634; 307; false
../models-master/software-abstractions-book/appendixA/addressBook2.als; ../models-master/software-abstractions-book/appendixA/closure.als; 0; 23516; false
../models-master/software-abstractions-book/appendixA/addressBook2.als; ../models-master/software-abstractions-book/appendixA/barbers.als; 1643; 189; false
../models-master/software-abstractions-book/appendixA/barbers.als; ../models-master/software-abstractions-book/appendixA/addressBook2.als; 1648; 216; true
../models-master/software-abstractions-book/appendixA/barbers.als; ../models-master/software-abstractions-book/appendixA/prison.als; 443; 179; true
../models-master/software-abstractions-book/appendixA/prison.als; ../models-master/software-abstractions-book/appendixA/barbers.als; 438; 173; false
../models-master/software-abstractions-book/appendixA/prison.als; ../models-master/software-abstractions-book/appendixA/tube.als; 1736; 247; true
../models-master/software-abstractions-book/appendixA/tube.als; ../models-master/software-abstractions-book/appendixA/prison.als; 1235; 209; true
../models-master/software-abstractions-book/appendixA/tube.als; ../models-master/software-abstractions-book/appendixA/distribution.als; 14137; 3495; false
../models-master/software-abstractions-book/appendixA/addressBook1.als; ../models-master/software-abstractions-book/appendixA/tree.als; 27915; 298; false
../models-master/software-abstractions-book/appendixA/addressBook1.als; ../models-master/software-abstractions-book/appendixA/undirected.als; 601; 182; true
../models-master/software-abstractions-book/appendixA/undirected.als; ../models-master/software-abstractions-book/appendixA/addressBook1.als; 603; 180; true
../models-master/software-abstractions-book/appendixA/undirected.als; ../models-master/software-abstractions-book/appendixA/ring.als; 274; 170; true
../models-master/software-abstractions-book/appendixA/ring.als; ../models-master/software-abstractions-book/appendixA/undirected.als; 273; 172; true
../models-master/software-abstractions-book/appendixA/ring.als; ../models-master/software-abstractions-book/appendixA/spanning.als; 0; 246; false
../models-master/software-abstractions-book/appendixA/phones.als; ../models-master/software-abstractions-book/appendixA/spanning.als; 0; 246; false
../models-master/software-abstractions-book/appendixA/phones.als; ../models-master/software-abstractions-book/appendixA/properties.als; 0; 3710; false
../models-master/software-abstractions-book/chapter2/addressBook2a.als; ../models-master/software-abstractions-book/chapter2/addressBook1d.als; 2082; 196; true
../models-master/software-abstractions-book/chapter2/addressBook1d.als; ../models-master/software-abstractions-book/chapter2/addressBook2a.als; 2081; 198; true
../models-master/software-abstractions-book/chapter2/addressBook1d.als; ../models-master/software-abstractions-book/chapter2/addressBook2b.als; 6621; 222; true
../models-master/software-abstractions-book/chapter2/addressBook2b.als; ../models-master/software-abstractions-book/chapter2/addressBook1d.als; 6630; 214; true
../models-master/software-abstractions-book/chapter2/addressBook2b.als; ../models-master/software-abstractions-book/chapter2/addressBook2c.als; 1833; 196; false
../models-master/software-abstractions-book/chapter2/addressBook2c.als; ../models-master/software-abstractions-book/chapter2/addressBook2b.als; 1833; 195; true
../models-master/software-abstractions-book/chapter2/addressBook2e.als; ../models-master/software-abstractions-book/chapter2/addressBook1c.als; 27707; 673; false
../models-master/software-abstractions-book/chapter2/addressBook1c.als; ../models-master/software-abstractions-book/chapter2/addressBook2e.als; 24380; 293; false
../models-master/software-abstractions-book/chapter2/addressBook1g.als; ../models-master/software-abstractions-book/chapter2/addressBook1a.als; 1567; 213; true
../models-master/software-abstractions-book/chapter2/addressBook1a.als; ../models-master/software-abstractions-book/chapter2/addressBook1g.als; 0; 169; false
../models-master/software-abstractions-book/chapter2/addressBook1a.als; ../models-master/software-abstractions-book/chapter2/addressBook1f.als; 0; 173; false
../models-master/software-abstractions-book/chapter2/addressBook1f.als; ../models-master/software-abstractions-book/chapter2/addressBook1a.als; 536; 188; true
../models-master/software-abstractions-book/chapter2/addressBook1f.als; ../models-master/software-abstractions-book/chapter2/addressBook2d.als; 12528; 242; true
../models-master/software-abstractions-book/chapter2/addressBook2d.als; ../models-master/software-abstractions-book/chapter2/addressBook1f.als; 12804; 226; true
../models-master/software-abstractions-book/chapter2/addressBook2d.als; ../models-master/software-abstractions-book/chapter2/addressBook1e.als; 12683; 227; true
../models-master/software-abstractions-book/chapter2/addressBook1e.als; ../models-master/software-abstractions-book/chapter2/addressBook2d.als; 12252; 242; true
../models-master/software-abstractions-book/chapter2/addressBook1e.als; ../models-master/software-abstractions-book/chapter2/addressBook1b.als; 544; 178; false
../models-master/software-abstractions-book/chapter2/addressBook1b.als; ../models-master/software-abstractions-book/chapter2/addressBook1e.als; 577; 184; true
../models-master/software-abstractions-book/chapter2/addressBook1b.als; ../models-master/software-abstractions-book/chapter2/addressBook1h.als; 289; 182; false
../models-master/software-abstractions-book/chapter2/addressBook1h.als; ../models-master/software-abstractions-book/chapter2/addressBook1b.als; 289; 192; true
../models-master/software-abstractions-book/chapter4/filesystem.als; ../models-master/software-abstractions-book/chapter4/lights.als; 1263; 204; false
../models-master/software-abstractions-book/chapter4/lights.als; ../models-master/software-abstractions-book/chapter4/filesystem.als; 1608; 212; false
../models-master/software-abstractions-book/chapter4/lights.als; ../models-master/software-abstractions-book/chapter4/grandpa2.als; 2409; 236; false
../models-master/software-abstractions-book/chapter4/grandpa2.als; ../models-master/software-abstractions-book/chapter4/lights.als; 2096; 205; false
../models-master/software-abstractions-book/chapter4/grandpa2.als; ../models-master/software-abstractions-book/chapter4/grandpa3.als; 1480; 199; false
../models-master/software-abstractions-book/chapter4/grandpa3.als; ../models-master/software-abstractions-book/chapter4/grandpa2.als; 1481; 202; false
../models-master/software-abstractions-book/chapter4/grandpa3.als; ../models-master/software-abstractions-book/chapter4/grandpa1.als; 1481; 196; false
../models-master/software-abstractions-book/chapter4/grandpa1.als; ../models-master/software-abstractions-book/chapter4/grandpa3.als; 1480; 200; false
../iAlloy-dataset-master/mutant_version_set/addr/v4/addr.als; ../iAlloy-dataset-master/mutant_version_set/addr/v3/addr.als; 33609; 1302; true
../iAlloy-dataset-master/mutant_version_set/addr/v3/addr.als; ../iAlloy-dataset-master/mutant_version_set/addr/v4/addr.als; 33608; 370; false
../iAlloy-dataset-master/mutant_version_set/addr/v3/addr.als; ../iAlloy-dataset-master/mutant_version_set/addr/v1/addr.als; 32896; 1186; false
../iAlloy-dataset-master/mutant_version_set/addr/v1/addr.als; ../iAlloy-dataset-master/mutant_version_set/addr/v3/addr.als; 34297; 1203; true
../iAlloy-dataset-master/mutant_version_set/addr/v1/addr.als; ../iAlloy-dataset-master/mutant_version_set/addr/v2/addr.als; 32888; 1314; false
../iAlloy-dataset-master/mutant_version_set/addr/v2/addr.als; ../iAlloy-dataset-master/mutant_version_set/addr/v1/addr.als; 32888; 1216; false
../iAlloy-dataset-master/mutant_version_set/addr/v2/addr.als; ../iAlloy-dataset-master/mutant_version_set/addr/v5/addr.als; 33609; 426; true
../iAlloy-dataset-master/mutant_version_set/addr/v5/addr.als; ../iAlloy-dataset-master/mutant_version_set/addr/v2/addr.als; 32210; 1489; false
../iAlloy-dataset-master/mutant_version_set/addressBook/v4/addressBook.als; ../iAlloy-dataset-master/mutant_version_set/addressBook/v3/addressBook.als; 1376577; 67611; true
../iAlloy-dataset-master/mutant_version_set/addressBook/v3/addressBook.als; ../iAlloy-dataset-master/mutant_version_set/addressBook/v4/addressBook.als; 1376576; 58717; false
../iAlloy-dataset-master/mutant_version_set/addressBook/v3/addressBook.als; ../iAlloy-dataset-master/mutant_version_set/addressBook/v1/addressBook.als; 1376834; 65789; true
../iAlloy-dataset-master/mutant_version_set/addressBook/v1/addressBook.als; ../iAlloy-dataset-master/mutant_version_set/addressBook/v3/addressBook.als; 1376834; 67358; true
../iAlloy-dataset-master/mutant_version_set/addressBook/v1/addressBook.als; ../iAlloy-dataset-master/mutant_version_set/addressBook/v2/addressBook.als; 1376804; 62424; true
../iAlloy-dataset-master/mutant_version_set/addressBook/v2/addressBook.als; ../iAlloy-dataset-master/mutant_version_set/addressBook/v1/addressBook.als; 1376804; 69288; true
../iAlloy-dataset-master/mutant_version_set/addressBook/v2/addressBook.als; ../iAlloy-dataset-master/mutant_version_set/addressBook/v5/addressBook.als; 1376865; 66672; true
../iAlloy-dataset-master/mutant_version_set/addressBook/v5/addressBook.als; ../iAlloy-dataset-master/mutant_version_set/addressBook/v2/addressBook.als; 1376866; 57214; true
../iAlloy-dataset-master/mutant_version_set/arr/v4/arr.als; ../iAlloy-dataset-master/mutant_version_set/arr/v3/arr.als; 49193; 923; true
../iAlloy-dataset-master/mutant_version_set/arr/v3/arr.als; ../iAlloy-dataset-master/mutant_version_set/arr/v4/arr.als; 49253; 442; false
../iAlloy-dataset-master/mutant_version_set/arr/v3/arr.als; ../iAlloy-dataset-master/mutant_version_set/arr/v1/arr.als; 47105; 1189; true
../iAlloy-dataset-master/mutant_version_set/arr/v1/arr.als; ../iAlloy-dataset-master/mutant_version_set/arr/v3/arr.als; 49386; 928; true
../iAlloy-dataset-master/mutant_version_set/arr/v1/arr.als; ../iAlloy-dataset-master/mutant_version_set/arr/v2/arr.als; 47040; 1601; true
../iAlloy-dataset-master/mutant_version_set/arr/v2/arr.als; ../iAlloy-dataset-master/mutant_version_set/arr/v1/arr.als; 47040; 1193; true
../iAlloy-dataset-master/mutant_version_set/arr/v2/arr.als; ../iAlloy-dataset-master/mutant_version_set/arr/v5/arr.als; 49253; 942; true
../iAlloy-dataset-master/mutant_version_set/arr/v5/arr.als; ../iAlloy-dataset-master/mutant_version_set/arr/v2/arr.als; 46911; 1531; true
../iAlloy-dataset-master/mutant_version_set/balancedBST/v4/balancedBST.als; ../iAlloy-dataset-master/mutant_version_set/balancedBST/v3/balancedBST.als; 52243; 2502; true
../iAlloy-dataset-master/mutant_version_set/balancedBST/v3/balancedBST.als; ../iAlloy-dataset-master/mutant_version_set/balancedBST/v4/balancedBST.als; 52243; 701; false
../iAlloy-dataset-master/mutant_version_set/balancedBST/v3/balancedBST.als; ../iAlloy-dataset-master/mutant_version_set/balancedBST/v1/balancedBST.als; 50515; 695; false
../iAlloy-dataset-master/mutant_version_set/balancedBST/v2/balancedBST.als; ../iAlloy-dataset-master/mutant_version_set/balancedBST/v1/balancedBST.als; 50515; 697; false
../iAlloy-dataset-master/mutant_version_set/balancedBST/v2/balancedBST.als; ../iAlloy-dataset-master/mutant_version_set/balancedBST/v5/balancedBST.als; 60404; 721; false
../iAlloy-dataset-master/mutant_version_set/balancedBST/v5/balancedBST.als; ../iAlloy-dataset-master/mutant_version_set/balancedBST/v2/balancedBST.als; 60404; 2421; true
../iAlloy-dataset-master/mutant_version_set/bempl/v4/bempl.als; ../iAlloy-dataset-master/mutant_version_set/bempl/v3/bempl.als; 176168; 1470; true
../iAlloy-dataset-master/mutant_version_set/bempl/v3/bempl.als; ../iAlloy-dataset-master/mutant_version_set/bempl/v4/bempl.als; 176168; 1196; false
../iAlloy-dataset-master/mutant_version_set/bempl/v3/bempl.als; ../iAlloy-dataset-master/mutant_version_set/bempl/v1/bempl.als; 170314; 1594; true
../iAlloy-dataset-master/mutant_version_set/bempl/v1/bempl.als; ../iAlloy-dataset-master/mutant_version_set/bempl/v3/bempl.als; 170314; 1249; true
../iAlloy-dataset-master/mutant_version_set/bempl/v1/bempl.als; ../iAlloy-dataset-master/mutant_version_set/bempl/v2/bempl.als; 170389; 1547; true
../iAlloy-dataset-master/mutant_version_set/bempl/v2/bempl.als; ../iAlloy-dataset-master/mutant_version_set/bempl/v1/bempl.als; 170389; 1593; true
../iAlloy-dataset-master/mutant_version_set/bempl/v2/bempl.als; ../iAlloy-dataset-master/mutant_version_set/bempl/v5/bempl.als; 176284; 2040; true
../iAlloy-dataset-master/mutant_version_set/bempl/v5/bempl.als; ../iAlloy-dataset-master/mutant_version_set/bempl/v2/bempl.als; 182171; 3452; true
../iAlloy-dataset-master/mutant_version_set/binaryTree/v4/binaryTree.als; ../iAlloy-dataset-master/mutant_version_set/binaryTree/v3/binaryTree.als; 370860; 3655; false
../iAlloy-dataset-master/mutant_version_set/binaryTree/v3/binaryTree.als; ../iAlloy-dataset-master/mutant_version_set/binaryTree/v4/binaryTree.als; 370860; 4972; true
../iAlloy-dataset-master/mutant_version_set/binaryTree/v3/binaryTree.als; ../iAlloy-dataset-master/mutant_version_set/binaryTree/v1/binaryTree.als; 370899; 4234; true
../iAlloy-dataset-master/mutant_version_set/binaryTree/v1/binaryTree.als; ../iAlloy-dataset-master/mutant_version_set/binaryTree/v3/binaryTree.als; 370899; 3497; true
../iAlloy-dataset-master/mutant_version_set/binaryTree/v1/binaryTree.als; ../iAlloy-dataset-master/mutant_version_set/binaryTree/v2/binaryTree.als; 370860; 1275; false
../iAlloy-dataset-master/mutant_version_set/binaryTree/v2/binaryTree.als; ../iAlloy-dataset-master/mutant_version_set/binaryTree/v1/binaryTree.als; 370860; 6488; true
../iAlloy-dataset-master/mutant_version_set/binaryTree/v2/binaryTree.als; ../iAlloy-dataset-master/mutant_version_set/binaryTree/v5/binaryTree.als; 370975; 3594; true
../iAlloy-dataset-master/mutant_version_set/binaryTree/v5/binaryTree.als; ../iAlloy-dataset-master/mutant_version_set/binaryTree/v2/binaryTree.als; 370975; 2706; false
../iAlloy-dataset-master/mutant_version_set/cd/v4/cd.als; ../iAlloy-dataset-master/mutant_version_set/cd/v3/cd.als; 17814; 269; false
../iAlloy-dataset-master/mutant_version_set/cd/v3/cd.als; ../iAlloy-dataset-master/mutant_version_set/cd/v4/cd.als; 17814; 263; false
../iAlloy-dataset-master/mutant_version_set/cd/v3/cd.als; ../iAlloy-dataset-master/mutant_version_set/cd/v1/cd.als; 17814; 282; false
../iAlloy-dataset-master/mutant_version_set/cd/v1/cd.als; ../iAlloy-dataset-master/mutant_version_set/cd/v3/cd.als; 17816; 379; true
../iAlloy-dataset-master/mutant_version_set/cd/v1/cd.als; ../iAlloy-dataset-master/mutant_version_set/cd/v2/cd.als; 17878; 262; false
../iAlloy-dataset-master/mutant_version_set/cd/v2/cd.als; ../iAlloy-dataset-master/mutant_version_set/cd/v1/cd.als; 17878; 262; false
../iAlloy-dataset-master/mutant_version_set/cd/v2/cd.als; ../iAlloy-dataset-master/mutant_version_set/cd/v5/cd.als; 17816; 403; true
../iAlloy-dataset-master/mutant_version_set/cd/v5/cd.als; ../iAlloy-dataset-master/mutant_version_set/cd/v2/cd.als; 17814; 274; false
../iAlloy-dataset-master/mutant_version_set/ceilingsAndFloors/v4/ceilingsAndFloors.als; ../iAlloy-dataset-master/mutant_version_set/ceilingsAndFloors/v3/ceilingsAndFloors.als; 143280; 974; false
../iAlloy-dataset-master/mutant_version_set/ceilingsAndFloors/v3/ceilingsAndFloors.als; ../iAlloy-dataset-master/mutant_version_set/ceilingsAndFloors/v4/ceilingsAndFloors.als; 143280; 968; false
../iAlloy-dataset-master/mutant_version_set/ceilingsAndFloors/v3/ceilingsAndFloors.als; ../iAlloy-dataset-master/mutant_version_set/ceilingsAndFloors/v1/ceilingsAndFloors.als; 213899; 3035; false
../iAlloy-dataset-master/mutant_version_set/ceilingsAndFloors/v1/ceilingsAndFloors.als; ../iAlloy-dataset-master/mutant_version_set/ceilingsAndFloors/v3/ceilingsAndFloors.als; 144764; 2811; true
../iAlloy-dataset-master/mutant_version_set/ceilingsAndFloors/v1/ceilingsAndFloors.als; ../iAlloy-dataset-master/mutant_version_set/ceilingsAndFloors/v2/ceilingsAndFloors.als; 144764; 2804; true
../iAlloy-dataset-master/mutant_version_set/ceilingsAndFloors/v2/ceilingsAndFloors.als; ../iAlloy-dataset-master/mutant_version_set/ceilingsAndFloors/v1/ceilingsAndFloors.als; 213899; 3009; false
../iAlloy-dataset-master/mutant_version_set/ceilingsAndFloors/v2/ceilingsAndFloors.als; ../iAlloy-dataset-master/mutant_version_set/ceilingsAndFloors/v5/ceilingsAndFloors.als; 143280; 992; false
../iAlloy-dataset-master/mutant_version_set/ceilingsAndFloors/v5/ceilingsAndFloors.als; ../iAlloy-dataset-master/mutant_version_set/ceilingsAndFloors/v2/ceilingsAndFloors.als; 143280; 961; false
../iAlloy-dataset-master/mutant_version_set/dll/v4/dll.als; ../iAlloy-dataset-master/mutant_version_set/dll/v3/dll.als; 90351; 3615; true
../iAlloy-dataset-master/mutant_version_set/dll/v3/dll.als; ../iAlloy-dataset-master/mutant_version_set/dll/v4/dll.als; 90351; 2317; true
../iAlloy-dataset-master/mutant_version_set/dll/v3/dll.als; ../iAlloy-dataset-master/mutant_version_set/dll/v1/dll.als; 55745; 477; false
../iAlloy-dataset-master/mutant_version_set/dll/v1/dll.als; ../iAlloy-dataset-master/mutant_version_set/dll/v3/dll.als; 55745; 483; false
../iAlloy-dataset-master/mutant_version_set/dll/v1/dll.als; ../iAlloy-dataset-master/mutant_version_set/dll/v2/dll.als; 55745; 476; false
../iAlloy-dataset-master/mutant_version_set/dll/v2/dll.als; ../iAlloy-dataset-master/mutant_version_set/dll/v1/dll.als; 55745; 485; false
../iAlloy-dataset-master/mutant_version_set/dll/v2/dll.als; ../iAlloy-dataset-master/mutant_version_set/dll/v5/dll.als; 90351; 1773; true
../iAlloy-dataset-master/mutant_version_set/dll/v5/dll.als; ../iAlloy-dataset-master/mutant_version_set/dll/v2/dll.als; 90351; 3616; true
../iAlloy-dataset-master/mutant_version_set/filesystem/v4/filesystem.als; ../iAlloy-dataset-master/mutant_version_set/filesystem/v3/filesystem.als; 256; 191; false
../iAlloy-dataset-master/mutant_version_set/filesystem/v3/filesystem.als; ../iAlloy-dataset-master/mutant_version_set/filesystem/v4/filesystem.als; 257; 197; false
../iAlloy-dataset-master/mutant_version_set/filesystem/v3/filesystem.als; ../iAlloy-dataset-master/mutant_version_set/filesystem/v1/filesystem.als; 708; 195; false
../iAlloy-dataset-master/mutant_version_set/filesystem/v1/filesystem.als; ../iAlloy-dataset-master/mutant_version_set/filesystem/v3/filesystem.als; 706; 199; false
../iAlloy-dataset-master/mutant_version_set/filesystem/v1/filesystem.als; ../iAlloy-dataset-master/mutant_version_set/filesystem/v2/filesystem.als; 697; 192; false
../iAlloy-dataset-master/mutant_version_set/filesystem/v2/filesystem.als; ../iAlloy-dataset-master/mutant_version_set/filesystem/v1/filesystem.als; 697; 195; false
../iAlloy-dataset-master/mutant_version_set/filesystem/v2/filesystem.als; ../iAlloy-dataset-master/mutant_version_set/filesystem/v5/filesystem.als; 701; 196; true
../iAlloy-dataset-master/mutant_version_set/filesystem/v5/filesystem.als; ../iAlloy-dataset-master/mutant_version_set/filesystem/v2/filesystem.als; 702; 194; false
../iAlloy-dataset-master/mutant_version_set/fullTree/v4/fullTree.als; ../iAlloy-dataset-master/mutant_version_set/fullTree/v3/fullTree.als; 368046; 5060; true
../iAlloy-dataset-master/mutant_version_set/fullTree/v3/fullTree.als; ../iAlloy-dataset-master/mutant_version_set/fullTree/v1/fullTree.als; 370860; 5364; true
../iAlloy-dataset-master/mutant_version_set/fullTree/v1/fullTree.als; ../iAlloy-dataset-master/mutant_version_set/fullTree/v3/fullTree.als; 370860; 1264; false
../iAlloy-dataset-master/mutant_version_set/fullTree/v1/fullTree.als; ../iAlloy-dataset-master/mutant_version_set/fullTree/v2/fullTree.als; 373672; 5049; true
../iAlloy-dataset-master/mutant_version_set/fullTree/v2/fullTree.als; ../iAlloy-dataset-master/mutant_version_set/fullTree/v1/fullTree.als; 373672; 2017; false
../iAlloy-dataset-master/mutant_version_set/fullTree/v5/fullTree.als; ../iAlloy-dataset-master/mutant_version_set/fullTree/v2/fullTree.als; 370899; 4236; true
../iAlloy-dataset-master/mutant_version_set/grade/v4/grade.als; ../iAlloy-dataset-master/mutant_version_set/grade/v3/grade.als; 164182; 2201; false
../iAlloy-dataset-master/mutant_version_set/grade/v3/grade.als; ../iAlloy-dataset-master/mutant_version_set/grade/v4/grade.als; 164183; 2428; false
../iAlloy-dataset-master/mutant_version_set/grade/v3/grade.als; ../iAlloy-dataset-master/mutant_version_set/grade/v1/grade.als; 164182; 4568; true
../iAlloy-dataset-master/mutant_version_set/grade/v1/grade.als; ../iAlloy-dataset-master/mutant_version_set/grade/v3/grade.als; 168516; 2358; false
../iAlloy-dataset-master/mutant_version_set/grade/v1/grade.als; ../iAlloy-dataset-master/mutant_version_set/grade/v2/grade.als; 168516; 2391; false
../iAlloy-dataset-master/mutant_version_set/grade/v2/grade.als; ../iAlloy-dataset-master/mutant_version_set/grade/v1/grade.als; 168518; 3246; true
../iAlloy-dataset-master/mutant_version_set/grade/v2/grade.als; ../iAlloy-dataset-master/mutant_version_set/grade/v5/grade.als; 168520; 2377; false
../iAlloy-dataset-master/mutant_version_set/grade/v5/grade.als; ../iAlloy-dataset-master/mutant_version_set/grade/v2/grade.als; 164185; 3980; true
../iAlloy-dataset-master/mutant_version_set/grandpa1/v4/grandpa1.als; ../iAlloy-dataset-master/mutant_version_set/grandpa1/v3/grandpa1.als; 3195510; 16606; false
../iAlloy-dataset-master/mutant_version_set/grandpa1/v3/grandpa1.als; ../iAlloy-dataset-master/mutant_version_set/grandpa1/v4/grandpa1.als; 3195510; 27834; false
../iAlloy-dataset-master/mutant_version_set/grandpa1/v3/grandpa1.als; ../iAlloy-dataset-master/mutant_version_set/grandpa1/v1/grandpa1.als; 3198246; 16809; false
../iAlloy-dataset-master/mutant_version_set/grandpa1/v1/grandpa1.als; ../iAlloy-dataset-master/mutant_version_set/grandpa1/v3/grandpa1.als; 3198246; 16622; false
../iAlloy-dataset-master/mutant_version_set/grandpa1/v1/grandpa1.als; ../iAlloy-dataset-master/mutant_version_set/grandpa1/v2/grandpa1.als; 3198246; 16742; false
../iAlloy-dataset-master/mutant_version_set/grandpa1/v2/grandpa1.als; ../iAlloy-dataset-master/mutant_version_set/grandpa1/v1/grandpa1.als; 3198246; 16915; false
../iAlloy-dataset-master/mutant_version_set/grandpa1/v2/grandpa1.als; ../iAlloy-dataset-master/mutant_version_set/grandpa1/v5/grandpa1.als; 3195510; 28000; false
../iAlloy-dataset-master/mutant_version_set/grandpa1/v5/grandpa1.als; ../iAlloy-dataset-master/mutant_version_set/grandpa1/v2/grandpa1.als; 3195510; 16554; false
../iAlloy-dataset-master/mutant_version_set/grandpa2/v4/grandpa2.als; ../iAlloy-dataset-master/mutant_version_set/grandpa2/v3/grandpa2.als; 3876804; 18766; true
../iAlloy-dataset-master/mutant_version_set/grandpa2/v3/grandpa2.als; ../iAlloy-dataset-master/mutant_version_set/grandpa2/v4/grandpa2.als; 3876804; 11144; false
../iAlloy-dataset-master/mutant_version_set/grandpa2/v3/grandpa2.als; ../iAlloy-dataset-master/mutant_version_set/grandpa2/v1/grandpa2.als; 3882660; 9421; false
../iAlloy-dataset-master/mutant_version_set/grandpa2/v1/grandpa2.als; ../iAlloy-dataset-master/mutant_version_set/grandpa2/v3/grandpa2.als; 3882662; 23414; true
../iAlloy-dataset-master/mutant_version_set/grandpa2/v1/grandpa2.als; ../iAlloy-dataset-master/mutant_version_set/grandpa2/v2/grandpa2.als; 3876810; 17415; true
../iAlloy-dataset-master/mutant_version_set/grandpa2/v2/grandpa2.als; ../iAlloy-dataset-master/mutant_version_set/grandpa2/v1/grandpa2.als; 3876808; 12392; false
../iAlloy-dataset-master/mutant_version_set/grandpa2/v2/grandpa2.als; ../iAlloy-dataset-master/mutant_version_set/grandpa2/v5/grandpa2.als; 3879692; 14135; true
../iAlloy-dataset-master/mutant_version_set/grandpa2/v5/grandpa2.als; ../iAlloy-dataset-master/mutant_version_set/grandpa2/v2/grandpa2.als; 3879692; 11401; true
../iAlloy-dataset-master/mutant_version_set/grandpa3/v4/grandpa3.als; ../iAlloy-dataset-master/mutant_version_set/grandpa3/v3/grandpa3.als; 423715; 5849; false
../iAlloy-dataset-master/mutant_version_set/grandpa3/v3/grandpa3.als; ../iAlloy-dataset-master/mutant_version_set/grandpa3/v4/grandpa3.als; 423715; 5845; false
../iAlloy-dataset-master/mutant_version_set/grandpa3/v3/grandpa3.als; ../iAlloy-dataset-master/mutant_version_set/grandpa3/v1/grandpa3.als; 3879776; 48028; true
../iAlloy-dataset-master/mutant_version_set/grandpa3/v1/grandpa3.als; ../iAlloy-dataset-master/mutant_version_set/grandpa3/v3/grandpa3.als; 3879775; 23976; false
../iAlloy-dataset-master/mutant_version_set/grandpa3/v1/grandpa3.als; ../iAlloy-dataset-master/mutant_version_set/grandpa3/v2/grandpa3.als; 3879700; 27032; false
../iAlloy-dataset-master/mutant_version_set/grandpa3/v2/grandpa3.als; ../iAlloy-dataset-master/mutant_version_set/grandpa3/v1/grandpa3.als; 3879700; 27012; false
../iAlloy-dataset-master/mutant_version_set/grandpa3/v2/grandpa3.als; ../iAlloy-dataset-master/mutant_version_set/grandpa3/v5/grandpa3.als; 3879775; 23582; false
../iAlloy-dataset-master/mutant_version_set/grandpa3/v5/grandpa3.als; ../iAlloy-dataset-master/mutant_version_set/grandpa3/v2/grandpa3.als; 3879776; 48163; true
../iAlloy-dataset-master/mutant_version_set/handshake/v4/handshake.als; ../iAlloy-dataset-master/mutant_version_set/handshake/v3/handshake.als; 35143; 407; false
../iAlloy-dataset-master/mutant_version_set/handshake/v3/handshake.als; ../iAlloy-dataset-master/mutant_version_set/handshake/v4/handshake.als; 35143; 2933; true
../iAlloy-dataset-master/mutant_version_set/handshake/v3/handshake.als; ../iAlloy-dataset-master/mutant_version_set/handshake/v1/handshake.als; 34695; 385; false
../iAlloy-dataset-master/mutant_version_set/handshake/v1/handshake.als; ../iAlloy-dataset-master/mutant_version_set/handshake/v3/handshake.als; 34696; 2275; true
../iAlloy-dataset-master/mutant_version_set/handshake/v1/handshake.als; ../iAlloy-dataset-master/mutant_version_set/handshake/v2/handshake.als; 34695; 380; false
../iAlloy-dataset-master/mutant_version_set/handshake/v2/handshake.als; ../iAlloy-dataset-master/mutant_version_set/handshake/v1/handshake.als; 34695; 2437; true
../iAlloy-dataset-master/mutant_version_set/handshake/v2/handshake.als; ../iAlloy-dataset-master/mutant_version_set/handshake/v5/handshake.als; 35144; 2916; true
../iAlloy-dataset-master/mutant_version_set/handshake/v5/handshake.als; ../iAlloy-dataset-master/mutant_version_set/handshake/v2/handshake.als; 35142; 395; false
../iAlloy-dataset-master/mutant_version_set/lists/v4/lists.als; ../iAlloy-dataset-master/mutant_version_set/lists/v3/lists.als; 1321951; 23182; true
../iAlloy-dataset-master/mutant_version_set/lists/v3/lists.als; ../iAlloy-dataset-master/mutant_version_set/lists/v4/lists.als; 1321951; 47498; true
../iAlloy-dataset-master/mutant_version_set/lists/v3/lists.als; ../iAlloy-dataset-master/mutant_version_set/lists/v1/lists.als; 1287659; 25197; true
../iAlloy-dataset-master/mutant_version_set/lists/v1/lists.als; ../iAlloy-dataset-master/mutant_version_set/lists/v3/lists.als; 1287659; 42773; true
../iAlloy-dataset-master/mutant_version_set/lists/v1/lists.als; ../iAlloy-dataset-master/mutant_version_set/lists/v2/lists.als; 1274253; 198953; true
../iAlloy-dataset-master/mutant_version_set/lists/v2/lists.als; ../iAlloy-dataset-master/mutant_version_set/lists/v1/lists.als; 1274253; 323390; false
../iAlloy-dataset-master/mutant_version_set/lists/v2/lists.als; ../iAlloy-dataset-master/mutant_version_set/lists/v5/lists.als; 1343933; 46198; true
../iAlloy-dataset-master/mutant_version_set/lists/v5/lists.als; ../iAlloy-dataset-master/mutant_version_set/lists/v2/lists.als; 1343933; 32036; true
../iAlloy-dataset-master/mutant_version_set/sll/v4/sll.als; ../iAlloy-dataset-master/mutant_version_set/sll/v3/sll.als; 383; 184; false
../iAlloy-dataset-master/mutant_version_set/sll/v3/sll.als; ../iAlloy-dataset-master/mutant_version_set/sll/v4/sll.als; 383; 191; true
../iAlloy-dataset-master/mutant_version_set/sll/v3/sll.als; ../iAlloy-dataset-master/mutant_version_set/sll/v1/sll.als; 389; 189; true
../iAlloy-dataset-master/mutant_version_set/sll/v1/sll.als; ../iAlloy-dataset-master/mutant_version_set/sll/v3/sll.als; 389; 192; true
../iAlloy-dataset-master/mutant_version_set/sll/v1/sll.als; ../iAlloy-dataset-master/mutant_version_set/sll/v2/sll.als; 379; 190; true
../iAlloy-dataset-master/mutant_version_set/sll/v2/sll.als; ../iAlloy-dataset-master/mutant_version_set/sll/v1/sll.als; 379; 191; true
../iAlloy-dataset-master/mutant_version_set/sll/v2/sll.als; ../iAlloy-dataset-master/mutant_version_set/sll/v5/sll.als; 394; 187; true
../iAlloy-dataset-master/mutant_version_set/sll/v5/sll.als; ../iAlloy-dataset-master/mutant_version_set/sll/v2/sll.als; 395; 186; true
../iAlloy-dataset-master/mutant_version_set/student/v4/student.als; ../iAlloy-dataset-master/mutant_version_set/student/v3/student.als; 63704; 2619; true
../iAlloy-dataset-master/mutant_version_set/student/v3/student.als; ../iAlloy-dataset-master/mutant_version_set/student/v4/student.als; 63704; 600; false
../iAlloy-dataset-master/mutant_version_set/student/v3/student.als; ../iAlloy-dataset-master/mutant_version_set/student/v1/student.als; 68825; 4041; true
../iAlloy-dataset-master/mutant_version_set/student/v1/student.als; ../iAlloy-dataset-master/mutant_version_set/student/v3/student.als; 68825; 2742; true
../iAlloy-dataset-master/mutant_version_set/student/v1/student.als; ../iAlloy-dataset-master/mutant_version_set/student/v2/student.als; 68804; 590; false
../iAlloy-dataset-master/mutant_version_set/student/v2/student.als; ../iAlloy-dataset-master/mutant_version_set/student/v1/student.als; 68804; 591; false
../iAlloy-dataset-master/mutant_version_set/student/v2/student.als; ../iAlloy-dataset-master/mutant_version_set/student/v5/student.als; 68866; 613; true
../iAlloy-dataset-master/mutant_version_set/student/v5/student.als; ../iAlloy-dataset-master/mutant_version_set/student/v2/student.als; 68866; 4079; true
../iAlloy-dataset-master/real_version_set/addrFaulty/v22/addrFaulty.als; ../iAlloy-dataset-master/real_version_set/addrFaulty/v11/addrFaulty.als; 33574; 1460; true
../iAlloy-dataset-master/real_version_set/addrFaulty/v11/addrFaulty.als; ../iAlloy-dataset-master/real_version_set/addrFaulty/v22/addrFaulty.als; 33574; 1514; false
../iAlloy-dataset-master/real_version_set/arr1/v22/arr1.als; ../iAlloy-dataset-master/real_version_set/arr1/v11/arr1.als; 0; 214; false
../iAlloy-dataset-master/real_version_set/arr1/v11/arr1.als; ../iAlloy-dataset-master/real_version_set/arr1/v22/arr1.als; 46656; 787; true
../iAlloy-dataset-master/real_version_set/balancedBST1/v22/balancedBST1.als; ../iAlloy-dataset-master/real_version_set/balancedBST1/v11/balancedBST1.als; 50503; 861; false
../iAlloy-dataset-master/real_version_set/balancedBST1/v11/balancedBST1.als; ../iAlloy-dataset-master/real_version_set/balancedBST1/v22/balancedBST1.als; 50503; 710; false
../iAlloy-dataset-master/real_version_set/balancedBST2/v22/balancedBST2.als; ../iAlloy-dataset-master/real_version_set/balancedBST2/v11/balancedBST2.als; 134239; 4025; true
../iAlloy-dataset-master/real_version_set/balancedBST3/v22/balancedBST3.als; ../iAlloy-dataset-master/real_version_set/balancedBST3/v11/balancedBST3.als; 66175; 3341; true
../iAlloy-dataset-master/real_version_set/bemplFaulty/v22/bemplFaulty.als; ../iAlloy-dataset-master/real_version_set/bemplFaulty/v11/bemplFaulty.als; 170314; 1327; true
../iAlloy-dataset-master/real_version_set/bemplFaulty/v11/bemplFaulty.als; ../iAlloy-dataset-master/real_version_set/bemplFaulty/v22/bemplFaulty.als; 170313; 952; false
../iAlloy-dataset-master/real_version_set/cd1/v22/cd1.als; ../iAlloy-dataset-master/real_version_set/cd1/v11/cd1.als; 387169; 4372; true
../iAlloy-dataset-master/real_version_set/cd1/v11/cd1.als; ../iAlloy-dataset-master/real_version_set/cd1/v22/cd1.als; 387169; 3421; true
../iAlloy-dataset-master/real_version_set/cd2/v22/cd2.als; ../iAlloy-dataset-master/real_version_set/cd2/v11/cd2.als; 17878; 260; false
../iAlloy-dataset-master/real_version_set/cd2/v11/cd2.als; ../iAlloy-dataset-master/real_version_set/cd2/v22/cd2.als; 17878; 275; false
../iAlloy-dataset-master/real_version_set/dll1/v22/dll1.als; ../iAlloy-dataset-master/real_version_set/dll1/v11/dll1.als; 55745; 482; false
../iAlloy-dataset-master/real_version_set/dll1/v11/dll1.als; ../iAlloy-dataset-master/real_version_set/dll1/v22/dll1.als; 55745; 509; false
../iAlloy-dataset-master/real_version_set/dll2/v22/dll2.als; ../iAlloy-dataset-master/real_version_set/dll2/v11/dll2.als; 55745; 477; false
../iAlloy-dataset-master/real_version_set/dll2/v11/dll2.als; ../iAlloy-dataset-master/real_version_set/dll2/v22/dll2.als; 55745; 481; false
../iAlloy-dataset-master/real_version_set/dll3/v22/dll3.als; ../iAlloy-dataset-master/real_version_set/dll3/v11/dll3.als; 134137; 3375; true
../iAlloy-dataset-master/real_version_set/dll3/v11/dll3.als; ../iAlloy-dataset-master/real_version_set/dll3/v22/dll3.als; 134137; 2928; true
../iAlloy-dataset-master/real_version_set/gradeFaulty/v22/gradeFaulty.als; ../iAlloy-dataset-master/real_version_set/gradeFaulty/v11/gradeFaulty.als; 166918; 3606; false
../iAlloy-dataset-master/real_version_set/gradeFaulty/v11/gradeFaulty.als; ../iAlloy-dataset-master/real_version_set/gradeFaulty/v22/gradeFaulty.als; 166996; 2532; false
../iAlloy-dataset-master/real_version_set/student0/v22/student0.als; ../iAlloy-dataset-master/real_version_set/student0/v11/student0.als; 68953; 3283; true
../iAlloy-dataset-master/real_version_set/student0/v11/student0.als; ../iAlloy-dataset-master/real_version_set/student0/v22/student0.als; 68647; 629; false
../iAlloy-dataset-master/real_version_set/student1/v22/student1.als; ../iAlloy-dataset-master/real_version_set/student1/v11/student1.als; 72025; 4015; true
../iAlloy-dataset-master/real_version_set/student10/v22/student10.als; ../iAlloy-dataset-master/real_version_set/student10/v11/student10.als; 68804; 3207; true
../iAlloy-dataset-master/real_version_set/student10/v11/student10.als; ../iAlloy-dataset-master/real_version_set/student10/v22/student10.als; 68803; 624; false
../iAlloy-dataset-master/real_version_set/student11/v22/student11.als; ../iAlloy-dataset-master/real_version_set/student11/v11/student11.als; 68804; 3229; true
../iAlloy-dataset-master/real_version_set/student12/v22/student12.als; ../iAlloy-dataset-master/real_version_set/student12/v11/student12.als; 68889; 3192; true
../iAlloy-dataset-master/real_version_set/student12/v11/student12.als; ../iAlloy-dataset-master/real_version_set/student12/v22/student12.als; 69722; 661; false
../iAlloy-dataset-master/real_version_set/student13/v22/student13.als; ../iAlloy-dataset-master/real_version_set/student13/v11/student13.als; 87717; 3164; true
../iAlloy-dataset-master/real_version_set/student14/v22/student14.als; ../iAlloy-dataset-master/real_version_set/student14/v11/student14.als; 68884; 3448; true
../iAlloy-dataset-master/real_version_set/student14/v11/student14.als; ../iAlloy-dataset-master/real_version_set/student14/v22/student14.als; 68865; 3547; true
../iAlloy-dataset-master/real_version_set/student15/v22/student15.als; ../iAlloy-dataset-master/real_version_set/student15/v11/student15.als; 87314; 3341; true
../iAlloy-dataset-master/real_version_set/student15/v11/student15.als; ../iAlloy-dataset-master/real_version_set/student15/v22/student15.als; 69244; 716; false
../iAlloy-dataset-master/real_version_set/student16/v22/student16.als; ../iAlloy-dataset-master/real_version_set/student16/v11/student16.als; 67902; 3021; true
../iAlloy-dataset-master/real_version_set/student16/v11/student16.als; ../iAlloy-dataset-master/real_version_set/student16/v22/student16.als; 59182; 450; false
../iAlloy-dataset-master/real_version_set/student17/v22/student17.als; ../iAlloy-dataset-master/real_version_set/student17/v11/student17.als; 68802; 3147; true
../iAlloy-dataset-master/real_version_set/student17/v11/student17.als; ../iAlloy-dataset-master/real_version_set/student17/v22/student17.als; 68783; 623; true
../iAlloy-dataset-master/real_version_set/student18/v22/student18.als; ../iAlloy-dataset-master/real_version_set/student18/v11/student18.als; 69224; 3031; true
../iAlloy-dataset-master/real_version_set/student18/v11/student18.als; ../iAlloy-dataset-master/real_version_set/student18/v22/student18.als; 77222; 582; false
../iAlloy-dataset-master/real_version_set/student19/v22/student19.als; ../iAlloy-dataset-master/real_version_set/student19/v11/student19.als; 68804; 3043; true
