../models-master/algorithms/distributed-hashtable/chordbugmodel.als; 6712938; 143678; true
../models-master/software-abstractions-book/appendixA/closure.als; 18851; 275; true
../models-master/software-abstractions-book/appendixA/addressBook2.als; 974882; 7700; true
../models-master/software-abstractions-book/appendixA/addressBook2.als; 974882; 7708; true
../models-master/software-abstractions-book/appendixA/barbers.als; 10440; 196; false
../models-master/software-abstractions-book/appendixA/barbers.als; 10440; 207; false
../models-master/software-abstractions-book/appendixA/prison.als; 19864; 611; true
../models-master/software-abstractions-book/appendixA/prison.als; 19864; 612; true
../models-master/software-abstractions-book/appendixA/tube.als; 0; 164; true
../models-master/software-abstractions-book/appendixA/tube.als; 0; 161; true
../models-master/software-abstractions-book/appendixA/distribution.als; 1651; 662; false
../models-master/software-abstractions-book/appendixA/distribution.als; 1651; 657; false
../models-master/software-abstractions-book/appendixA/tree.als; 0; 159; true
../models-master/software-abstractions-book/appendixA/tree.als; 0; 170; true
../models-master/software-abstractions-book/appendixA/addressBook1.als; 21619; 882; true
../models-master/software-abstractions-book/appendixA/addressBook1.als; 21619; 876; true
../models-master/software-abstractions-book/appendixA/undirected.als; 11661; 482; true
../models-master/software-abstractions-book/appendixA/undirected.als; 11661; 470; true
../models-master/software-abstractions-book/appendixA/ring.als; 0; 143; true
../models-master/software-abstractions-book/appendixA/ring.als; 0; 143; true
../models-master/software-abstractions-book/appendixA/spanning.als; 1283; 158; true
../models-master/software-abstractions-book/appendixA/spanning.als; 1283; 151; true
../models-master/software-abstractions-book/appendixA/phones.als; 15126; 918; true
../models-master/software-abstractions-book/appendixA/phones.als; 15126; 912; true
../models-master/software-abstractions-book/appendixA/properties.als; 8615; 178; false
../models-master/software-abstractions-book/chapter2/addressBook2a.als; 13146; 228; true
../models-master/software-abstractions-book/chapter2/addressBook1d.als; 25962; 1173; true
../models-master/software-abstractions-book/chapter2/addressBook1d.als; 25962; 1175; true
../models-master/software-abstractions-book/chapter2/addressBook2b.als; 238307; 1060; true
../models-master/software-abstractions-book/chapter2/addressBook2b.als; 238307; 1058; true
../models-master/software-abstractions-book/chapter2/addressBook2c.als; 239429; 1136; true
../models-master/software-abstractions-book/chapter2/addressBook2c.als; 239429; 1133; true
../models-master/software-abstractions-book/chapter2/addressBook3b.als; 8168096; 96410; false
../models-master/software-abstractions-book/chapter2/addressBook3b.als; 8168096; 96101; false
../models-master/software-abstractions-book/chapter2/addressBook2e.als; 7823532; 14735; false
../models-master/software-abstractions-book/chapter2/addressBook2e.als; 7823532; 14681; false
../models-master/software-abstractions-book/chapter2/addressBook1c.als; 26224; 532; false
../models-master/software-abstractions-book/chapter2/addressBook1c.als; 26224; 531; false
../models-master/software-abstractions-book/chapter2/addressBook3c.als; 8501103; 103248; false
../models-master/software-abstractions-book/chapter2/addressBook3c.als; 8501103; 104103; false
../models-master/software-abstractions-book/chapter2/addressBook3a.als; 8045266; 106040; true
../models-master/software-abstractions-book/chapter2/addressBook3a.als; 8045266; 106206; true
../models-master/software-abstractions-book/chapter2/addressBook3d.als; 8608951; 104949; false
../models-master/software-abstractions-book/chapter2/addressBook3d.als; 8608951; 106208; false
../models-master/software-abstractions-book/chapter2/addressBook1g.als; 764269; 6339; true
../models-master/software-abstractions-book/chapter2/addressBook1g.als; 764269; 6349; true
../models-master/software-abstractions-book/chapter2/addressBook1a.als; 16506; 485; true
../models-master/software-abstractions-book/chapter2/addressBook1a.als; 16506; 484; true
../models-master/software-abstractions-book/chapter2/addressBook1f.als; 48787; 3172; true
../models-master/software-abstractions-book/chapter2/addressBook1f.als; 48787; 3158; true
../models-master/software-abstractions-book/chapter2/addressBook2d.als; 241609; 1194; true
../models-master/software-abstractions-book/chapter2/addressBook2d.als; 241609; 1156; true
../models-master/software-abstractions-book/chapter2/addressBook1e.als; 47462; 2878; true
../models-master/software-abstractions-book/chapter2/addressBook1e.als; 47462; 2924; true
../models-master/software-abstractions-book/chapter2/addressBook1b.als; 24637; 1182; true
../models-master/software-abstractions-book/chapter2/addressBook1b.als; 24637; 1182; true
../models-master/software-abstractions-book/chapter2/addressBook1h.als; 25962; 1178; true
../models-master/software-abstractions-book/chapter4/filesystem.als; 237133; 636; false
../models-master/software-abstractions-book/chapter4/lights.als; 47617; 3395; false
../models-master/software-abstractions-book/chapter4/lights.als; 47617; 3363; false
../models-master/software-abstractions-book/chapter4/grandpa2.als; 256395; 837; false
../models-master/software-abstractions-book/chapter4/grandpa2.als; 256395; 868; false
../models-master/software-abstractions-book/chapter4/grandpa3.als; 258574; 1045; false
../models-master/software-abstractions-book/chapter4/grandpa3.als; 258574; 1047; false
../models-master/software-abstractions-book/chapter4/grandpa1.als; 256395; 854; false
../iAlloy-dataset-master/mutant_version_set/addr/v3/addr.als; 7889176; 23240; true
../iAlloy-dataset-master/mutant_version_set/addr/v3/addr.als; 7889176; 23348; true
../iAlloy-dataset-master/mutant_version_set/addr/v5/addr.als; 13825; 586; true
../iAlloy-dataset-master/mutant_version_set/addressBook/v3/addressBook.als; 7994201; 23231; true
../iAlloy-dataset-master/mutant_version_set/addressBook/v3/addressBook.als; 7994201; 23507; true
../iAlloy-dataset-master/mutant_version_set/addressBook/v1/addressBook.als; 7994137; 19188; true
../iAlloy-dataset-master/mutant_version_set/addressBook/v1/addressBook.als; 7994137; 19105; true
../iAlloy-dataset-master/mutant_version_set/addressBook/v2/addressBook.als; 7994137; 17418; true
../iAlloy-dataset-master/mutant_version_set/addressBook/v2/addressBook.als; 7994137; 17441; true
../iAlloy-dataset-master/mutant_version_set/arr/v4/arr.als; 5342; 208; true
../iAlloy-dataset-master/mutant_version_set/arr/v3/arr.als; 5343; 209; true
../iAlloy-dataset-master/mutant_version_set/arr/v3/arr.als; 5343; 207; true
../iAlloy-dataset-master/mutant_version_set/arr/v1/arr.als; 5196; 198; true
../iAlloy-dataset-master/mutant_version_set/arr/v1/arr.als; 5196; 197; true
../iAlloy-dataset-master/mutant_version_set/arr/v2/arr.als; 5226; 212; true
../iAlloy-dataset-master/mutant_version_set/arr/v2/arr.als; 5226; 214; true
../iAlloy-dataset-master/mutant_version_set/arr/v5/arr.als; 5311; 210; true
../iAlloy-dataset-master/mutant_version_set/balancedBST/v4/balancedBST.als; 353382; 156327; true
../iAlloy-dataset-master/mutant_version_set/balancedBST/v3/balancedBST.als; 354438; 6943; true
../iAlloy-dataset-master/mutant_version_set/balancedBST/v3/balancedBST.als; 354438; 7024; true
../iAlloy-dataset-master/mutant_version_set/balancedBST/v1/balancedBST.als; 354372; 8451; true
../iAlloy-dataset-master/mutant_version_set/balancedBST/v1/balancedBST.als; 354372; 8503; true
../iAlloy-dataset-master/mutant_version_set/balancedBST/v2/balancedBST.als; 354438; 7064; true
../iAlloy-dataset-master/mutant_version_set/balancedBST/v2/balancedBST.als; 354438; 7002; true
../iAlloy-dataset-master/mutant_version_set/balancedBST/v5/balancedBST.als; 579597; 260337; true
../iAlloy-dataset-master/mutant_version_set/bempl/v4/bempl.als; 30509; 2167; true
../iAlloy-dataset-master/mutant_version_set/bempl/v3/bempl.als; 28331; 2058; true
../iAlloy-dataset-master/mutant_version_set/bempl/v3/bempl.als; 28331; 2050; true
../iAlloy-dataset-master/mutant_version_set/bempl/v1/bempl.als; 28331; 1968; true
../iAlloy-dataset-master/mutant_version_set/bempl/v1/bempl.als; 28331; 1981; true
../iAlloy-dataset-master/mutant_version_set/bempl/v2/bempl.als; 28395; 2170; true
../iAlloy-dataset-master/mutant_version_set/bempl/v2/bempl.als; 28395; 2298; true
../iAlloy-dataset-master/mutant_version_set/bempl/v5/bempl.als; 30544; 2373; true
../iAlloy-dataset-master/mutant_version_set/binaryTree/v4/binaryTree.als; 245798; 2936; true
../iAlloy-dataset-master/mutant_version_set/binaryTree/v3/binaryTree.als; 246887; 3060; true
../iAlloy-dataset-master/mutant_version_set/binaryTree/v3/binaryTree.als; 246887; 2945; true
../iAlloy-dataset-master/mutant_version_set/binaryTree/v1/binaryTree.als; 246887; 3132; true
../iAlloy-dataset-master/mutant_version_set/binaryTree/v1/binaryTree.als; 246887; 3124; true
../iAlloy-dataset-master/mutant_version_set/binaryTree/v2/binaryTree.als; 246887; 12043; true
../iAlloy-dataset-master/mutant_version_set/binaryTree/v2/binaryTree.als; 246887; 12113; true
../iAlloy-dataset-master/mutant_version_set/binaryTree/v5/binaryTree.als; 245798; 3101; true
../iAlloy-dataset-master/mutant_version_set/cd/v4/cd.als; 14196; 647; true
../iAlloy-dataset-master/mutant_version_set/cd/v3/cd.als; 14196; 639; true
../iAlloy-dataset-master/mutant_version_set/cd/v3/cd.als; 14196; 637; true
../iAlloy-dataset-master/mutant_version_set/cd/v1/cd.als; 12519; 568; true
../iAlloy-dataset-master/mutant_version_set/cd/v1/cd.als; 12519; 547; true
../iAlloy-dataset-master/mutant_version_set/cd/v2/cd.als; 12519; 553; true
../iAlloy-dataset-master/mutant_version_set/cd/v2/cd.als; 12519; 551; true
../iAlloy-dataset-master/mutant_version_set/cd/v5/cd.als; 14196; 646; true
../iAlloy-dataset-master/mutant_version_set/ceilingsAndFloors/v4/ceilingsAndFloors.als; 20524; 1030; true
../iAlloy-dataset-master/mutant_version_set/ceilingsAndFloors/v3/ceilingsAndFloors.als; 20524; 1013; true
../iAlloy-dataset-master/mutant_version_set/ceilingsAndFloors/v3/ceilingsAndFloors.als; 20524; 1014; true
../iAlloy-dataset-master/mutant_version_set/ceilingsAndFloors/v1/ceilingsAndFloors.als; 96821; 2093; true
../iAlloy-dataset-master/mutant_version_set/ceilingsAndFloors/v1/ceilingsAndFloors.als; 96821; 1962; true
../iAlloy-dataset-master/mutant_version_set/ceilingsAndFloors/v2/ceilingsAndFloors.als; 20524; 1022; true
../iAlloy-dataset-master/mutant_version_set/ceilingsAndFloors/v2/ceilingsAndFloors.als; 20524; 1031; true
../iAlloy-dataset-master/mutant_version_set/ceilingsAndFloors/v5/ceilingsAndFloors.als; 20524; 1023; true
../iAlloy-dataset-master/mutant_version_set/dll/v4/dll.als; 275238; 4742; true
../iAlloy-dataset-master/mutant_version_set/dll/v3/dll.als; 266674; 3988; true
../iAlloy-dataset-master/mutant_version_set/dll/v3/dll.als; 266674; 4025; true
../iAlloy-dataset-master/mutant_version_set/dll/v1/dll.als; 266674; 4041; true
../iAlloy-dataset-master/mutant_version_set/dll/v1/dll.als; 266674; 3991; true
../iAlloy-dataset-master/mutant_version_set/dll/v2/dll.als; 266674; 4038; true
../iAlloy-dataset-master/mutant_version_set/dll/v2/dll.als; 266674; 4010; true
../iAlloy-dataset-master/mutant_version_set/dll/v5/dll.als; 275172; 4708; true
../iAlloy-dataset-master/mutant_version_set/filesystem/v3/filesystem.als; 190096; 674; false
../iAlloy-dataset-master/mutant_version_set/filesystem/v3/filesystem.als; 190096; 656; false
../iAlloy-dataset-master/mutant_version_set/filesystem/v1/filesystem.als; 237133; 649; false
../iAlloy-dataset-master/mutant_version_set/filesystem/v1/filesystem.als; 237133; 657; false
../iAlloy-dataset-master/mutant_version_set/filesystem/v2/filesystem.als; 239311; 698; false
../iAlloy-dataset-master/mutant_version_set/filesystem/v2/filesystem.als; 239311; 706; false
../iAlloy-dataset-master/mutant_version_set/fullTree/v4/fullTree.als; 244839; 8160; true
../iAlloy-dataset-master/mutant_version_set/fullTree/v3/fullTree.als; 244775; 2503; true
../iAlloy-dataset-master/mutant_version_set/fullTree/v3/fullTree.als; 244775; 2515; true
../iAlloy-dataset-master/mutant_version_set/fullTree/v1/fullTree.als; 246887; 3083; true
../iAlloy-dataset-master/mutant_version_set/fullTree/v1/fullTree.als; 246887; 3100; true
../iAlloy-dataset-master/mutant_version_set/fullTree/v2/fullTree.als; 246887; 3100; true
../iAlloy-dataset-master/mutant_version_set/fullTree/v2/fullTree.als; 246887; 3103; true
../iAlloy-dataset-master/mutant_version_set/fullTree/v5/fullTree.als; 244775; 368900; true
../iAlloy-dataset-master/mutant_version_set/grade/v4/grade.als; 32042; 759; false
../iAlloy-dataset-master/mutant_version_set/grade/v3/grade.als; 25833; 248; false
../iAlloy-dataset-master/mutant_version_set/grade/v3/grade.als; 25833; 278; false
../iAlloy-dataset-master/mutant_version_set/grade/v1/grade.als; 32041; 2084; true
../iAlloy-dataset-master/mutant_version_set/grade/v1/grade.als; 32041; 2087; true
../iAlloy-dataset-master/mutant_version_set/grade/v2/grade.als; 25833; 1098; true
../iAlloy-dataset-master/mutant_version_set/grade/v2/grade.als; 25833; 1108; true
../iAlloy-dataset-master/mutant_version_set/grade/v5/grade.als; 32043; 753; false
../iAlloy-dataset-master/mutant_version_set/grandpa1/v4/grandpa1.als; 255338; 1301; false
../iAlloy-dataset-master/mutant_version_set/grandpa1/v3/grandpa1.als; 255338; 1235; false
../iAlloy-dataset-master/mutant_version_set/grandpa1/v3/grandpa1.als; 255338; 1251; false
../iAlloy-dataset-master/mutant_version_set/grandpa1/v1/grandpa1.als; 257482; 1345; false
../iAlloy-dataset-master/mutant_version_set/grandpa1/v1/grandpa1.als; 257482; 1334; false
../iAlloy-dataset-master/mutant_version_set/grandpa1/v2/grandpa1.als; 255337; 1247; false
../iAlloy-dataset-master/mutant_version_set/grandpa1/v2/grandpa1.als; 255337; 1251; false
../iAlloy-dataset-master/mutant_version_set/grandpa1/v5/grandpa1.als; 255337; 1291; false
../iAlloy-dataset-master/mutant_version_set/grandpa2/v4/grandpa2.als; 331563; 3180; true
../iAlloy-dataset-master/mutant_version_set/grandpa2/v3/grandpa2.als; 331563; 3191; true
../iAlloy-dataset-master/mutant_version_set/grandpa2/v3/grandpa2.als; 331563; 3125; true
../iAlloy-dataset-master/mutant_version_set/grandpa2/v1/grandpa2.als; 333745; 3523; true
../iAlloy-dataset-master/mutant_version_set/grandpa2/v1/grandpa2.als; 333745; 3554; true
../iAlloy-dataset-master/mutant_version_set/grandpa2/v2/grandpa2.als; 106404; 2590; true
../iAlloy-dataset-master/mutant_version_set/grandpa2/v2/grandpa2.als; 106404; 2579; true
../iAlloy-dataset-master/mutant_version_set/grandpa2/v5/grandpa2.als; 331563; 3147; true
../iAlloy-dataset-master/mutant_version_set/grandpa3/v1/grandpa3.als; 335924; 3753; true
../iAlloy-dataset-master/mutant_version_set/grandpa3/v1/grandpa3.als; 335924; 3756; true
../iAlloy-dataset-master/mutant_version_set/grandpa3/v2/grandpa3.als; 335924; 3720; true
../iAlloy-dataset-master/mutant_version_set/grandpa3/v2/grandpa3.als; 335924; 3760; true
../iAlloy-dataset-master/mutant_version_set/handshake/v4/handshake.als; 23014; 4100; true
../iAlloy-dataset-master/mutant_version_set/handshake/v3/handshake.als; 22650; 79264; true
../iAlloy-dataset-master/mutant_version_set/handshake/v3/handshake.als; 22650; 80017; true
../iAlloy-dataset-master/mutant_version_set/handshake/v1/handshake.als; 10672; 111803; true
../iAlloy-dataset-master/mutant_version_set/handshake/v1/handshake.als; 10672; 111051; true
../iAlloy-dataset-master/mutant_version_set/handshake/v2/handshake.als; 22649; 299; false
../iAlloy-dataset-master/mutant_version_set/handshake/v2/handshake.als; 22649; 293; false
../iAlloy-dataset-master/mutant_version_set/handshake/v5/handshake.als; 22842; 921; true
../iAlloy-dataset-master/mutant_version_set/lists/v4/lists.als; 486340; 5697; true
../iAlloy-dataset-master/mutant_version_set/lists/v3/lists.als; 478448; 20196; true
../iAlloy-dataset-master/mutant_version_set/lists/v3/lists.als; 478448; 20181; true
../iAlloy-dataset-master/mutant_version_set/lists/v1/lists.als; 480626; 6284; true
../iAlloy-dataset-master/mutant_version_set/lists/v1/lists.als; 480626; 6292; true
../iAlloy-dataset-master/mutant_version_set/lists/v2/lists.als; 478481; 17347; true
../iAlloy-dataset-master/mutant_version_set/lists/v2/lists.als; 478481; 17157; true
../iAlloy-dataset-master/mutant_version_set/lists/v5/lists.als; 488518; 18344; true
../iAlloy-dataset-master/mutant_version_set/sll/v4/sll.als; 243212; 2853; true
../iAlloy-dataset-master/mutant_version_set/sll/v3/sll.als; 245390; 2870; true
../iAlloy-dataset-master/mutant_version_set/sll/v3/sll.als; 245390; 2879; true
../iAlloy-dataset-master/mutant_version_set/sll/v1/sll.als; 245390; 2877; true
../iAlloy-dataset-master/mutant_version_set/sll/v1/sll.als; 245390; 2877; true
../iAlloy-dataset-master/mutant_version_set/sll/v2/sll.als; 245390; 2890; true
../iAlloy-dataset-master/mutant_version_set/sll/v2/sll.als; 245390; 2801; true
../iAlloy-dataset-master/mutant_version_set/sll/v5/sll.als; 243213; 2890; true
../iAlloy-dataset-master/mutant_version_set/student/v4/student.als; 248529; 1385; true
../iAlloy-dataset-master/mutant_version_set/student/v3/student.als; 248529; 40072; true
../iAlloy-dataset-master/mutant_version_set/student/v3/student.als; 248529; 39860; true
../iAlloy-dataset-master/mutant_version_set/student/v1/student.als; 249552; 171722; true
../iAlloy-dataset-master/mutant_version_set/student/v1/student.als; 249552; 172443; true
../iAlloy-dataset-master/mutant_version_set/student/v2/student.als; 249552; 173317; true
../iAlloy-dataset-master/mutant_version_set/student/v2/student.als; 249552; 173844; true
../iAlloy-dataset-master/mutant_version_set/student/v5/student.als; 248529; 1383; true
../iAlloy-dataset-master/real_version_set/addrFaulty/v11/addrFaulty.als; 7959961; 21773; true
../iAlloy-dataset-master/real_version_set/arr1/v22/arr1.als; 5196; 208; true
../iAlloy-dataset-master/real_version_set/arr1/v11/arr1.als; 0; 155; false
../iAlloy-dataset-master/real_version_set/balancedBST1/v22/balancedBST1.als; 354372; 8558; true
../iAlloy-dataset-master/real_version_set/balancedBST1/v11/balancedBST1.als; 354438; 82040; true
../iAlloy-dataset-master/real_version_set/balancedBST2/v22/balancedBST2.als; 354372; 8538; true
../iAlloy-dataset-master/real_version_set/balancedBST2/v11/balancedBST2.als; 300978; 6588; true
../iAlloy-dataset-master/real_version_set/balancedBST3/v22/balancedBST3.als; 354372; 9248; true
../iAlloy-dataset-master/real_version_set/balancedBST3/v11/balancedBST3.als; 730572; 6708; true
../iAlloy-dataset-master/real_version_set/bemplFaulty/v22/bemplFaulty.als; 28331; 2152; true
../iAlloy-dataset-master/real_version_set/bemplFaulty/v11/bemplFaulty.als; 27208; 2026; true
../iAlloy-dataset-master/real_version_set/cd1/v22/cd1.als; 12519; 591; true
../iAlloy-dataset-master/real_version_set/cd1/v11/cd1.als; 237678; 2341; true
../iAlloy-dataset-master/real_version_set/cd2/v22/cd2.als; 12519; 568; true
../iAlloy-dataset-master/real_version_set/cd2/v11/cd2.als; 12519; 577; true
../iAlloy-dataset-master/real_version_set/dll1/v22/dll1.als; 266674; 4302; true
../iAlloy-dataset-master/real_version_set/dll1/v11/dll1.als; 266674; 4206; true
../iAlloy-dataset-master/real_version_set/dll2/v22/dll2.als; 266674; 4335; true
../iAlloy-dataset-master/real_version_set/dll2/v11/dll2.als; 266674; 4155; true
../iAlloy-dataset-master/real_version_set/dll3/v22/dll3.als; 266674; 4153; true
../iAlloy-dataset-master/real_version_set/dll3/v11/dll3.als; 510363; 5277; true
../iAlloy-dataset-master/real_version_set/dll4/v22/dll4.als; 266674; 4202; true
../iAlloy-dataset-master/real_version_set/dll4/v11/dll4.als; 248478; 148452; true
../iAlloy-dataset-master/real_version_set/gradeFaulty/v22/gradeFaulty.als; 32041; 2232; true
../iAlloy-dataset-master/real_version_set/gradeFaulty/v11/gradeFaulty.als; 30884; 2251; true
../iAlloy-dataset-master/real_version_set/student0/v22/student0.als; 249552; 191271; true
../iAlloy-dataset-master/real_version_set/student0/v11/student0.als; 247339; 29552; true
../iAlloy-dataset-master/real_version_set/student1/v22/student1.als; 249552; 188422; true
../iAlloy-dataset-master/real_version_set/student1/v11/student1.als; 290702; 6593; true
../iAlloy-dataset-master/real_version_set/student10/v22/student10.als; 249552; 194226; true
../iAlloy-dataset-master/real_version_set/student10/v11/student10.als; 249487; 5071; true
../iAlloy-dataset-master/real_version_set/student11/v22/student11.als; 249552; 188293; true
../iAlloy-dataset-master/real_version_set/student11/v11/student11.als; 249421; 5012; true
../iAlloy-dataset-master/real_version_set/student12/v22/student12.als; 249552; 188297; true
../iAlloy-dataset-master/real_version_set/student13/v22/student13.als; 249552; 188857; true
../iAlloy-dataset-master/real_version_set/student13/v11/student13.als; 286412; 5621; true
../iAlloy-dataset-master/real_version_set/student14/v22/student14.als; 249552; 196268; true
../iAlloy-dataset-master/real_version_set/student14/v11/student14.als; 249419; 4833; true
../iAlloy-dataset-master/real_version_set/student15/v22/student15.als; 249552; 187663; true
../iAlloy-dataset-master/real_version_set/student15/v11/student15.als; 285356; 6694; true
../iAlloy-dataset-master/real_version_set/student16/v22/student16.als; 249552; 189965; true
../iAlloy-dataset-master/real_version_set/student16/v11/student16.als; 19604; 878; true
../iAlloy-dataset-master/real_version_set/student17/v22/student17.als; 249552; 185129; true
../iAlloy-dataset-master/real_version_set/student17/v11/student17.als; 249485; 4844; true
../iAlloy-dataset-master/real_version_set/student18/v22/student18.als; 249552; 186301; true
../iAlloy-dataset-master/real_version_set/student18/v11/student18.als; 248296; 4400; true
../iAlloy-dataset-master/real_version_set/student19/v22/student19.als; 249552; 180280; true
../iAlloy-dataset-master/real_version_set/student19/v11/student19.als; 247108; 4249; true
../iAlloy-dataset-master/real_version_set/student2/v22/student2.als; 249552; 179217; true
../iAlloy-dataset-master/real_version_set/student2/v11/student2.als; 247141; 4427; true
../iAlloy-dataset-master/real_version_set/student3/v22/student3.als; 249552; 172559; true
../iAlloy-dataset-master/real_version_set/student3/v11/student3.als; 313406; 5483; true
../iAlloy-dataset-master/real_version_set/student4/v22/student4.als; 249552; 173769; true
../iAlloy-dataset-master/real_version_set/student4/v11/student4.als; 247141; 4246; true
../iAlloy-dataset-master/real_version_set/student5/v22/student5.als; 249552; 173392; true
../iAlloy-dataset-master/real_version_set/student6/v22/student6.als; 249552; 173630; true
../iAlloy-dataset-master/real_version_set/student6/v11/student6.als; 249419; 4774; true
../iAlloy-dataset-master/real_version_set/student7/v22/student7.als; 249552; 169595; true
../iAlloy-dataset-master/real_version_set/student7/v11/student7.als; 265012; 3101; true
../iAlloy-dataset-master/real_version_set/student8/v22/student8.als; 249552; 169719; true
../iAlloy-dataset-master/real_version_set/student8/v11/student8.als; 290669; 9346; true
../iAlloy-dataset-master/real_version_set/student9/v22/student9.als; 249552; 173208; true
../iAlloy-dataset-master/real_version_set/student9/v11/student9.als; 247108; 4107; true
../platinum-experiment-data/comparison/CSOS/CSOS.als; 0; 215; false
../platinum-experiment-data/comparison/CSOS/CSOSD.als; 3609; 233; true
../platinum-experiment-data/comparison/CSOS/CSOSD.als; 3609; 231; true
../platinum-experiment-data/comparison/CSOS/Declaration1.als; 29729; 2573; true
../platinum-experiment-data/comparison/CSOS/Declaration1.als; 29729; 2577; true
../platinum-experiment-data/comparison/CSOS/Declaration.als; 46682; 3764; true
../platinum-experiment-data/comparison/Decider/Decider.als; 5405; 228; true
../platinum-experiment-data/comparison/Decider/Decider11.als; 9300; 249; true
../platinum-experiment-data/comparison/Decider/Decider11.als; 9300; 251; true
../platinum-experiment-data/comparison/Decider/Declaration.als; 46682; 3780; true
../platinum-experiment-data/comparison/Ecommerce/Ecommerce3.als; 8167; 248; false
../platinum-experiment-data/comparison/Ecommerce/Ecommerce.als; 8508; 266; false
../platinum-experiment-data/comparison/Ecommerce/Ecommerce.als; 8508; 247; false
../platinum-experiment-data/comparison/Ecommerce/Declaration.als; 46682; 3799; true
../platinum-experiment-data/evolved/CSOSMutants_Evolve/8.als; 0; 190; false
../platinum-experiment-data/evolved/CSOSMutants_Evolve/18.als; 0; 207; false
../platinum-experiment-data/evolved/CSOSMutants_Evolve/18.als; 0; 189; false
../platinum-experiment-data/evolved/CSOSMutants_Evolve/24.als; 0; 185; false
../platinum-experiment-data/evolved/CSOSMutants_Evolve/24.als; 0; 182; false
../platinum-experiment-data/evolved/CSOSMutants_Evolve/19.als; 0; 189; false
../platinum-experiment-data/evolved/CSOSMutants_Evolve/19.als; 0; 189; false
../platinum-experiment-data/evolved/CSOSMutants_Evolve/10.als; 0; 184; false
../platinum-experiment-data/evolved/CSOSMutants_Evolve/10.als; 0; 188; false
../platinum-experiment-data/evolved/CSOSMutants_Evolve/6.als; 0; 192; false
../platinum-experiment-data/evolved/CSOSMutants_Evolve/6.als; 0; 188; false
../platinum-experiment-data/evolved/CSOSMutants_Evolve/15.als; 0; 186; false
../platinum-experiment-data/evolved/CSOSMutants_Evolve/15.als; 0; 205; false
../platinum-experiment-data/evolved/CSOSMutants_Evolve/11.als; 0; 186; false
../platinum-experiment-data/evolved/CSOSMutants_Evolve/11.als; 0; 189; false
../platinum-experiment-data/evolved/CSOSMutants_Evolve/25.als; 0; 182; false
../platinum-experiment-data/evolved/CSOSMutants_Evolve/25.als; 0; 189; false
../platinum-experiment-data/evolved/CSOSMutants_Evolve/29.als; 2857; 222; false
../platinum-experiment-data/evolved/CSOSMutants_Evolve/29.als; 2857; 238; false
../platinum-experiment-data/evolved/CSOSMutants_Evolve/2.als; 0; 212; false
../platinum-experiment-data/evolved/CSOSMutants_Evolve/2.als; 0; 231; false
../platinum-experiment-data/evolved/CSOSMutants_Evolve/27.als; 1910; 216; false
../platinum-experiment-data/evolved/CSOSMutants_Evolve/27.als; 1910; 213; false
../platinum-experiment-data/evolved/CSOSMutants_Evolve/7.als; 0; 185; false
../platinum-experiment-data/evolved/CSOSMutants_Evolve/7.als; 0; 202; false
../platinum-experiment-data/evolved/CSOSMutants_Evolve/9.als; 0; 192; false
../platinum-experiment-data/evolved/CSOSMutants_Evolve/9.als; 0; 188; false
../platinum-experiment-data/evolved/CSOSMutants_Evolve/3.als; 0; 208; false
../platinum-experiment-data/evolved/CSOSMutants_Evolve/3.als; 0; 211; false
../platinum-experiment-data/evolved/CSOSMutants_Evolve/0.als; 0; 209; false
../platinum-experiment-data/evolved/CSOSMutants_Evolve/0.als; 0; 216; false
../platinum-experiment-data/evolved/CSOSMutants_Evolve/5.als; 0; 207; false
../platinum-experiment-data/evolved/CSOSMutants_Evolve/5.als; 0; 208; false
../platinum-experiment-data/evolved/CSOSMutants_Evolve/17.als; 0; 190; false
../platinum-experiment-data/evolved/CSOSMutants_Evolve/17.als; 0; 187; false
../platinum-experiment-data/evolved/CSOSMutants_Evolve/23.als; 0; 185; false
../platinum-experiment-data/evolved/CSOSMutants_Evolve/23.als; 0; 186; false
../platinum-experiment-data/evolved/CSOSMutants_Evolve/1.als; 0; 209; false
../platinum-experiment-data/evolved/CSOSMutants_Evolve/1.als; 0; 208; false
../platinum-experiment-data/evolved/CSOSMutants_Evolve/21.als; 0; 186; false
../platinum-experiment-data/evolved/CSOSMutants_Evolve/21.als; 0; 187; false
../platinum-experiment-data/evolved/CSOSMutants_Evolve/16.als; 0; 222; false
../platinum-experiment-data/evolved/CSOSMutants_Evolve/16.als; 0; 185; false
../platinum-experiment-data/evolved/CSOSMutants_Evolve/28.als; 2455; 217; false
../platinum-experiment-data/evolved/CSOSMutants_Evolve/28.als; 2455; 220; false
../platinum-experiment-data/evolved/CSOSMutants_Evolve/26.als; 0; 181; false
../platinum-experiment-data/evolved/CSOSMutants_Evolve/26.als; 0; 184; false
../platinum-experiment-data/evolved/CSOSMutants_Evolve/20.als; 0; 188; false
../platinum-experiment-data/evolved/CSOSMutants_Evolve/20.als; 0; 188; false
../platinum-experiment-data/evolved/CSOSMutants_Evolve/12.als; 0; 188; false
../platinum-experiment-data/evolved/CSOSMutants_Evolve/12.als; 0; 184; false
../platinum-experiment-data/evolved/CSOSMutants_Evolve/22.als; 0; 215; false
../platinum-experiment-data/evolved/CSOSMutants_Evolve/22.als; 0; 185; false
../platinum-experiment-data/evolved/CSOSMutants_Evolve/4.als; 0; 211; false
../platinum-experiment-data/evolved/CSOSMutants_Evolve/4.als; 0; 205; false
../platinum-experiment-data/evolved/CSOSMutants_Evolve/13.als; 0; 189; false
../platinum-experiment-data/evolved/CSOSMutants_Evolve/13.als; 0; 188; false
../platinum-experiment-data/evolved/CSOSMutants_Evolve/Declaration.als; 33587; 3215; true
../platinum-experiment-data/evolved/CSOSMutants_Evolve/Declaration.als; 33587; 3237; true
../platinum-experiment-data/evolved/CSOSMutants_Evolve/14.als; 0; 189; false
../platinum-experiment-data/evolved/DeciderMutants_Evolve/8.als; 12810; 393; true
../platinum-experiment-data/evolved/DeciderMutants_Evolve/18.als; 18773; 489; true
../platinum-experiment-data/evolved/DeciderMutants_Evolve/18.als; 18773; 517; true
../platinum-experiment-data/evolved/DeciderMutants_Evolve/24.als; 18445; 498; true
../platinum-experiment-data/evolved/DeciderMutants_Evolve/24.als; 18445; 491; true
../platinum-experiment-data/evolved/DeciderMutants_Evolve/19.als; 20348; 499; true
../platinum-experiment-data/evolved/DeciderMutants_Evolve/19.als; 20348; 506; true
../platinum-experiment-data/evolved/DeciderMutants_Evolve/10.als; 18383; 523; true
../platinum-experiment-data/evolved/DeciderMutants_Evolve/10.als; 18383; 516; true
../platinum-experiment-data/evolved/DeciderMutants_Evolve/6.als; 12810; 400; true
../platinum-experiment-data/evolved/DeciderMutants_Evolve/6.als; 12810; 400; true
../platinum-experiment-data/evolved/DeciderMutants_Evolve/15.als; 23465; 706; true
../platinum-experiment-data/evolved/DeciderMutants_Evolve/15.als; 23465; 707; true
../platinum-experiment-data/evolved/DeciderMutants_Evolve/11.als; 24483; 659; true
../platinum-experiment-data/evolved/DeciderMutants_Evolve/11.als; 24483; 656; true
../platinum-experiment-data/evolved/DeciderMutants_Evolve/25.als; 18445; 491; true
../platinum-experiment-data/evolved/DeciderMutants_Evolve/25.als; 18445; 499; true
../platinum-experiment-data/evolved/DeciderMutants_Evolve/29.als; 15549; 449; true
../platinum-experiment-data/evolved/DeciderMutants_Evolve/29.als; 15549; 428; true
../platinum-experiment-data/evolved/DeciderMutants_Evolve/2.als; 3494; 280; true
../platinum-experiment-data/evolved/DeciderMutants_Evolve/2.als; 3494; 221; true
../platinum-experiment-data/evolved/DeciderMutants_Evolve/27.als; 21000; 522; true
../platinum-experiment-data/evolved/DeciderMutants_Evolve/27.als; 21000; 519; true
../platinum-experiment-data/evolved/DeciderMutants_Evolve/7.als; 12810; 399; true
../platinum-experiment-data/evolved/DeciderMutants_Evolve/7.als; 12810; 395; true
../platinum-experiment-data/evolved/DeciderMutants_Evolve/9.als; 16408; 468; true
../platinum-experiment-data/evolved/DeciderMutants_Evolve/9.als; 16408; 459; true
../platinum-experiment-data/evolved/DeciderMutants_Evolve/3.als; 3868; 228; true
../platinum-experiment-data/evolved/DeciderMutants_Evolve/3.als; 3868; 228; true
../platinum-experiment-data/evolved/DeciderMutants_Evolve/0.als; 2817; 210; true
../platinum-experiment-data/evolved/DeciderMutants_Evolve/0.als; 2817; 217; true
../platinum-experiment-data/evolved/DeciderMutants_Evolve/5.als; 11595; 372; true
../platinum-experiment-data/evolved/DeciderMutants_Evolve/5.als; 11595; 376; true
../platinum-experiment-data/evolved/DeciderMutants_Evolve/17.als; 27310; 741; true
../platinum-experiment-data/evolved/DeciderMutants_Evolve/17.als; 27310; 729; true
../platinum-experiment-data/evolved/DeciderMutants_Evolve/23.als; 18507; 486; true
../platinum-experiment-data/evolved/DeciderMutants_Evolve/23.als; 18507; 486; true
../platinum-experiment-data/evolved/DeciderMutants_Evolve/1.als; 2539; 213; true
../platinum-experiment-data/evolved/DeciderMutants_Evolve/1.als; 2539; 213; true
../platinum-experiment-data/evolved/DeciderMutants_Evolve/21.als; 18835; 481; true
../platinum-experiment-data/evolved/DeciderMutants_Evolve/21.als; 18835; 485; true
../platinum-experiment-data/evolved/DeciderMutants_Evolve/16.als; 29568; 803; true
../platinum-experiment-data/evolved/DeciderMutants_Evolve/16.als; 29568; 792; true
../platinum-experiment-data/evolved/DeciderMutants_Evolve/28.als; 17686; 457; true
../platinum-experiment-data/evolved/DeciderMutants_Evolve/28.als; 17686; 462; true
../platinum-experiment-data/evolved/DeciderMutants_Evolve/26.als; 18485; 494; true
../platinum-experiment-data/evolved/DeciderMutants_Evolve/26.als; 18485; 491; true
../platinum-experiment-data/evolved/DeciderMutants_Evolve/20.als; 18835; 480; true
../platinum-experiment-data/evolved/DeciderMutants_Evolve/20.als; 18835; 492; true
../platinum-experiment-data/evolved/DeciderMutants_Evolve/12.als; 20238; 555; true
../platinum-experiment-data/evolved/DeciderMutants_Evolve/12.als; 20238; 558; true
../platinum-experiment-data/evolved/DeciderMutants_Evolve/22.als; 16600; 449; true
../platinum-experiment-data/evolved/DeciderMutants_Evolve/22.als; 16600; 447; true
../platinum-experiment-data/evolved/DeciderMutants_Evolve/4.als; 9596; 337; true
../platinum-experiment-data/evolved/DeciderMutants_Evolve/4.als; 9596; 311; true
../platinum-experiment-data/evolved/DeciderMutants_Evolve/13.als; 20238; 565; true
../platinum-experiment-data/evolved/DeciderMutants_Evolve/13.als; 20238; 564; true
../platinum-experiment-data/evolved/DeciderMutants_Evolve/Declaration.als; 33587; 3220; true
../platinum-experiment-data/evolved/DeciderMutants_Evolve/Declaration.als; 33587; 3236; true
../platinum-experiment-data/evolved/DeciderMutants_Evolve/14.als; 21665; 658; true
../platinum-experiment-data/evolved/EcommerceMutants_Evolve/8.als; 2013; 219; false
../platinum-experiment-data/evolved/EcommerceMutants_Evolve/18.als; 0; 184; false
../platinum-experiment-data/evolved/EcommerceMutants_Evolve/18.als; 0; 184; false
../platinum-experiment-data/evolved/EcommerceMutants_Evolve/24.als; 0; 179; false
../platinum-experiment-data/evolved/EcommerceMutants_Evolve/24.als; 0; 182; false
../platinum-experiment-data/evolved/EcommerceMutants_Evolve/19.als; 0; 182; false
../platinum-experiment-data/evolved/EcommerceMutants_Evolve/19.als; 0; 179; false
../platinum-experiment-data/evolved/EcommerceMutants_Evolve/10.als; 1800; 216; false
../platinum-experiment-data/evolved/EcommerceMutants_Evolve/10.als; 1800; 214; false
../platinum-experiment-data/evolved/EcommerceMutants_Evolve/6.als; 2261; 218; false
../platinum-experiment-data/evolved/EcommerceMutants_Evolve/6.als; 2261; 223; false
../platinum-experiment-data/evolved/EcommerceMutants_Evolve/15.als; 0; 180; false
../platinum-experiment-data/evolved/EcommerceMutants_Evolve/15.als; 0; 183; false
../platinum-experiment-data/evolved/EcommerceMutants_Evolve/11.als; 1800; 213; false
../platinum-experiment-data/evolved/EcommerceMutants_Evolve/11.als; 1800; 220; false
../platinum-experiment-data/evolved/EcommerceMutants_Evolve/25.als; 0; 183; false
../platinum-experiment-data/evolved/EcommerceMutants_Evolve/25.als; 0; 183; false
../platinum-experiment-data/evolved/EcommerceMutants_Evolve/29.als; 0; 178; false
../platinum-experiment-data/evolved/EcommerceMutants_Evolve/29.als; 0; 180; false
../platinum-experiment-data/evolved/EcommerceMutants_Evolve/2.als; 2261; 217; false
../platinum-experiment-data/evolved/EcommerceMutants_Evolve/2.als; 2261; 215; false
../platinum-experiment-data/evolved/EcommerceMutants_Evolve/27.als; 0; 181; false
../platinum-experiment-data/evolved/EcommerceMutants_Evolve/27.als; 0; 181; false
../platinum-experiment-data/evolved/EcommerceMutants_Evolve/7.als; 2261; 219; false
../platinum-experiment-data/evolved/EcommerceMutants_Evolve/7.als; 2261; 220; false
../platinum-experiment-data/evolved/EcommerceMutants_Evolve/9.als; 2013; 212; false
../platinum-experiment-data/evolved/EcommerceMutants_Evolve/9.als; 2013; 217; false
../platinum-experiment-data/evolved/EcommerceMutants_Evolve/3.als; 2261; 219; false
../platinum-experiment-data/evolved/EcommerceMutants_Evolve/3.als; 2261; 220; false
../platinum-experiment-data/evolved/EcommerceMutants_Evolve/0.als; 2556; 221; false
../platinum-experiment-data/evolved/EcommerceMutants_Evolve/0.als; 2556; 222; false
../platinum-experiment-data/evolved/EcommerceMutants_Evolve/5.als; 2261; 222; false
../platinum-experiment-data/evolved/EcommerceMutants_Evolve/5.als; 2261; 218; false
../platinum-experiment-data/evolved/EcommerceMutants_Evolve/17.als; 0; 182; false
../platinum-experiment-data/evolved/EcommerceMutants_Evolve/17.als; 0; 180; false
../platinum-experiment-data/evolved/EcommerceMutants_Evolve/23.als; 0; 180; false
../platinum-experiment-data/evolved/EcommerceMutants_Evolve/23.als; 0; 183; false
../platinum-experiment-data/evolved/EcommerceMutants_Evolve/1.als; 2496; 231; false
../platinum-experiment-data/evolved/EcommerceMutants_Evolve/1.als; 2496; 245; false
../platinum-experiment-data/evolved/EcommerceMutants_Evolve/21.als; 0; 185; false
../platinum-experiment-data/evolved/EcommerceMutants_Evolve/21.als; 0; 183; false
../platinum-experiment-data/evolved/EcommerceMutants_Evolve/16.als; 0; 179; false
../platinum-experiment-data/evolved/EcommerceMutants_Evolve/16.als; 0; 177; false
../platinum-experiment-data/evolved/EcommerceMutants_Evolve/28.als; 0; 178; false
../platinum-experiment-data/evolved/EcommerceMutants_Evolve/28.als; 0; 181; false
../platinum-experiment-data/evolved/EcommerceMutants_Evolve/26.als; 0; 184; false
../platinum-experiment-data/evolved/EcommerceMutants_Evolve/26.als; 0; 182; false
../platinum-experiment-data/evolved/EcommerceMutants_Evolve/20.als; 0; 184; false
../platinum-experiment-data/evolved/EcommerceMutants_Evolve/20.als; 0; 186; false
../platinum-experiment-data/evolved/EcommerceMutants_Evolve/12.als; 0; 206; false
../platinum-experiment-data/evolved/EcommerceMutants_Evolve/12.als; 0; 181; false
../platinum-experiment-data/evolved/EcommerceMutants_Evolve/22.als; 0; 185; false
../platinum-experiment-data/evolved/EcommerceMutants_Evolve/22.als; 0; 186; false
../platinum-experiment-data/evolved/EcommerceMutants_Evolve/4.als; 2261; 238; false
../platinum-experiment-data/evolved/EcommerceMutants_Evolve/4.als; 2261; 217; false
../platinum-experiment-data/evolved/EcommerceMutants_Evolve/13.als; 0; 187; false
../platinum-experiment-data/evolved/EcommerceMutants_Evolve/13.als; 0; 185; false
../platinum-experiment-data/evolved/EcommerceMutants_Evolve/Declaration.als; 33587; 3278; true
../platinum-experiment-data/evolved/EcommerceMutants_Evolve/Declaration.als; 33587; 3285; true
../platinum-experiment-data/evolved/EcommerceMutants_Evolve/14.als; 0; 184; false
../platinum-experiment-data/evolved/WordpressMutants_Evolve/8.als; 20257; 600; true
../platinum-experiment-data/evolved/WordpressMutants_Evolve/18.als; 13125; 387; true
../platinum-experiment-data/evolved/WordpressMutants_Evolve/18.als; 13125; 385; true
../platinum-experiment-data/evolved/WordpressMutants_Evolve/24.als; 12254; 373; true
../platinum-experiment-data/evolved/WordpressMutants_Evolve/24.als; 12254; 347; true
../platinum-experiment-data/evolved/WordpressMutants_Evolve/19.als; 12046; 357; true
../platinum-experiment-data/evolved/WordpressMutants_Evolve/19.als; 12046; 357; true
../platinum-experiment-data/evolved/WordpressMutants_Evolve/10.als; 14160; 427; true
../platinum-experiment-data/evolved/WordpressMutants_Evolve/10.als; 14160; 420; true
../platinum-experiment-data/evolved/WordpressMutants_Evolve/6.als; 15420; 465; true
../platinum-experiment-data/evolved/WordpressMutants_Evolve/6.als; 15420; 465; true
../platinum-experiment-data/evolved/WordpressMutants_Evolve/15.als; 12722; 406; true
../platinum-experiment-data/evolved/WordpressMutants_Evolve/15.als; 12722; 409; true
../platinum-experiment-data/evolved/WordpressMutants_Evolve/11.als; 14160; 429; true
../platinum-experiment-data/evolved/WordpressMutants_Evolve/11.als; 14160; 413; true
../platinum-experiment-data/evolved/WordpressMutants_Evolve/25.als; 12205; 351; true
../platinum-experiment-data/evolved/WordpressMutants_Evolve/25.als; 12205; 354; true
../platinum-experiment-data/evolved/WordpressMutants_Evolve/29.als; 9033; 295; true
../platinum-experiment-data/evolved/WordpressMutants_Evolve/29.als; 9033; 294; true
../platinum-experiment-data/evolved/WordpressMutants_Evolve/2.als; 5463; 238; true
../platinum-experiment-data/evolved/WordpressMutants_Evolve/2.als; 5463; 245; true
../platinum-experiment-data/evolved/WordpressMutants_Evolve/27.als; 10457; 326; true
../platinum-experiment-data/evolved/WordpressMutants_Evolve/27.als; 10457; 331; true
../platinum-experiment-data/evolved/WordpressMutants_Evolve/7.als; 18334; 547; true
../platinum-experiment-data/evolved/WordpressMutants_Evolve/7.als; 18334; 550; true
../platinum-experiment-data/evolved/WordpressMutants_Evolve/9.als; 15595; 452; true
../platinum-experiment-data/evolved/WordpressMutants_Evolve/9.als; 15595; 454; true
../platinum-experiment-data/evolved/WordpressMutants_Evolve/3.als; 6202; 251; true
../platinum-experiment-data/evolved/WordpressMutants_Evolve/3.als; 6202; 252; true
../platinum-experiment-data/evolved/WordpressMutants_Evolve/0.als; 3472; 224; true
../platinum-experiment-data/evolved/WordpressMutants_Evolve/0.als; 3472; 249; true
../platinum-experiment-data/evolved/WordpressMutants_Evolve/5.als; 18641; 569; true
../platinum-experiment-data/evolved/WordpressMutants_Evolve/5.als; 18641; 554; true
../platinum-experiment-data/evolved/WordpressMutants_Evolve/17.als; 11344; 365; true
../platinum-experiment-data/evolved/WordpressMutants_Evolve/17.als; 11344; 366; true
../platinum-experiment-data/evolved/WordpressMutants_Evolve/23.als; 13193; 425; true
../platinum-experiment-data/evolved/WordpressMutants_Evolve/23.als; 13193; 428; true
../platinum-experiment-data/evolved/WordpressMutants_Evolve/1.als; 2965; 223; true
../platinum-experiment-data/evolved/WordpressMutants_Evolve/1.als; 2965; 222; true
../platinum-experiment-data/evolved/WordpressMutants_Evolve/21.als; 9205; 307; true
../platinum-experiment-data/evolved/WordpressMutants_Evolve/21.als; 9205; 305; true
../platinum-experiment-data/evolved/WordpressMutants_Evolve/16.als; 11344; 366; true
../platinum-experiment-data/evolved/WordpressMutants_Evolve/16.als; 11344; 369; true
../platinum-experiment-data/evolved/WordpressMutants_Evolve/28.als; 7872; 287; true
../platinum-experiment-data/evolved/WordpressMutants_Evolve/28.als; 7872; 286; true
../platinum-experiment-data/evolved/WordpressMutants_Evolve/26.als; 10490; 319; true
../platinum-experiment-data/evolved/WordpressMutants_Evolve/26.als; 10490; 349; true
../platinum-experiment-data/evolved/WordpressMutants_Evolve/20.als; 10390; 335; true
../platinum-experiment-data/evolved/WordpressMutants_Evolve/20.als; 10390; 336; true
../platinum-experiment-data/evolved/WordpressMutants_Evolve/12.als; 12764; 390; true
../platinum-experiment-data/evolved/WordpressMutants_Evolve/12.als; 12764; 385; true
../platinum-experiment-data/evolved/WordpressMutants_Evolve/22.als; 14834; 454; true
../platinum-experiment-data/evolved/WordpressMutants_Evolve/22.als; 14834; 451; true
../platinum-experiment-data/evolved/WordpressMutants_Evolve/4.als; 13282; 406; true
../platinum-experiment-data/evolved/WordpressMutants_Evolve/4.als; 13282; 396; true
../platinum-experiment-data/evolved/WordpressMutants_Evolve/13.als; 12764; 395; true
../platinum-experiment-data/evolved/WordpressMutants_Evolve/13.als; 12764; 398; true
../platinum-experiment-data/evolved/WordpressMutants_Evolve/Declaration.als; 33587; 3224; true
../platinum-experiment-data/evolved/WordpressMutants_Evolve/Declaration.als; 33587; 3229; true
../platinum-experiment-data/evolved/WordpressMutants_Evolve/14.als; 12764; 386; true
../platinum-experiment-data/paired/CSOSMutants/8.als; 0; 204; false
../platinum-experiment-data/paired/CSOSMutants/18.als; 0; 188; false
../platinum-experiment-data/paired/CSOSMutants/18.als; 0; 189; false
../platinum-experiment-data/paired/CSOSMutants/24.als; 0; 190; false
../platinum-experiment-data/paired/CSOSMutants/24.als; 0; 223; false
../platinum-experiment-data/paired/CSOSMutants/19.als; 0; 210; false
../platinum-experiment-data/paired/CSOSMutants/19.als; 0; 209; false
../platinum-experiment-data/paired/CSOSMutants/10.als; 0; 191; false
../platinum-experiment-data/paired/CSOSMutants/10.als; 0; 189; false
../platinum-experiment-data/paired/CSOSMutants/6.als; 0; 187; false
../platinum-experiment-data/paired/CSOSMutants/6.als; 0; 186; false
../platinum-experiment-data/paired/CSOSMutants/15.als; 0; 205; false
../platinum-experiment-data/paired/CSOSMutants/15.als; 0; 212; false
../platinum-experiment-data/paired/CSOSMutants/11.als; 0; 213; false
../platinum-experiment-data/paired/CSOSMutants/11.als; 0; 212; false
../platinum-experiment-data/paired/CSOSMutants/25.als; 0; 207; false
../platinum-experiment-data/paired/CSOSMutants/25.als; 0; 208; false
../platinum-experiment-data/paired/CSOSMutants/29.als; 0; 189; false
../platinum-experiment-data/paired/CSOSMutants/29.als; 0; 191; false
../platinum-experiment-data/paired/CSOSMutants/2.als; 0; 186; false
../platinum-experiment-data/paired/CSOSMutants/2.als; 0; 192; false
../platinum-experiment-data/paired/CSOSMutants/CSOS.als; 0; 210; false
../platinum-experiment-data/paired/CSOSMutants/CSOS.als; 0; 213; false
../platinum-experiment-data/paired/CSOSMutants/27.als; 0; 208; false
../platinum-experiment-data/paired/CSOSMutants/27.als; 0; 208; false
../platinum-experiment-data/paired/CSOSMutants/7.als; 0; 212; false
../platinum-experiment-data/paired/CSOSMutants/7.als; 0; 205; false
../platinum-experiment-data/paired/CSOSMutants/9.als; 0; 211; false
../platinum-experiment-data/paired/CSOSMutants/9.als; 0; 209; false
../platinum-experiment-data/paired/CSOSMutants/3.als; 0; 217; false
../platinum-experiment-data/paired/CSOSMutants/3.als; 0; 209; false
../platinum-experiment-data/paired/CSOSMutants/0.als; 0; 192; false
../platinum-experiment-data/paired/CSOSMutants/0.als; 0; 189; false
../platinum-experiment-data/paired/CSOSMutants/5.als; 0; 229; false
../platinum-experiment-data/paired/CSOSMutants/5.als; 0; 226; false
../platinum-experiment-data/paired/CSOSMutants/17.als; 0; 205; false
../platinum-experiment-data/paired/CSOSMutants/17.als; 0; 202; false
../platinum-experiment-data/paired/CSOSMutants/23.als; 0; 209; false
../platinum-experiment-data/paired/CSOSMutants/23.als; 0; 207; false
../platinum-experiment-data/paired/CSOSMutants/1.als; 0; 207; false
../platinum-experiment-data/paired/CSOSMutants/1.als; 0; 216; false
../platinum-experiment-data/paired/CSOSMutants/21.als; 0; 195; false
../platinum-experiment-data/paired/CSOSMutants/21.als; 0; 189; false
../platinum-experiment-data/paired/CSOSMutants/16.als; 0; 209; false
../platinum-experiment-data/paired/CSOSMutants/16.als; 0; 227; false
../platinum-experiment-data/paired/CSOSMutants/28.als; 0; 211; false
../platinum-experiment-data/paired/CSOSMutants/28.als; 0; 189; false
../platinum-experiment-data/paired/CSOSMutants/26.als; 0; 214; false
../platinum-experiment-data/paired/CSOSMutants/26.als; 0; 233; false
../platinum-experiment-data/paired/CSOSMutants/20.als; 0; 206; false
../platinum-experiment-data/paired/CSOSMutants/20.als; 0; 213; false
../platinum-experiment-data/paired/CSOSMutants/12.als; 0; 210; false
../platinum-experiment-data/paired/CSOSMutants/12.als; 0; 211; false
../platinum-experiment-data/paired/CSOSMutants/22.als; 0; 207; false
../platinum-experiment-data/paired/CSOSMutants/22.als; 0; 210; false
../platinum-experiment-data/paired/CSOSMutants/4.als; 0; 208; false
../platinum-experiment-data/paired/CSOSMutants/4.als; 0; 208; false
../platinum-experiment-data/paired/CSOSMutants/13.als; 0; 209; false
../platinum-experiment-data/paired/CSOSMutants/13.als; 0; 212; false
../platinum-experiment-data/paired/CSOSMutants/Declaration.als; 33587; 3215; true
../platinum-experiment-data/paired/CSOSMutants/Declaration.als; 33587; 3252; true
../platinum-experiment-data/paired/CSOSMutants/14.als; 0; 189; false
../platinum-experiment-data/paired/DeciderMutants/8.als; 2735; 207; true
../platinum-experiment-data/paired/DeciderMutants/18.als; 2805; 218; true
../platinum-experiment-data/paired/DeciderMutants/18.als; 2805; 212; true
../platinum-experiment-data/paired/DeciderMutants/24.als; 5715; 241; true
../platinum-experiment-data/paired/DeciderMutants/24.als; 5715; 234; true
../platinum-experiment-data/paired/DeciderMutants/19.als; 2804; 212; true
../platinum-experiment-data/paired/DeciderMutants/19.als; 2804; 210; true
../platinum-experiment-data/paired/DeciderMutants/10.als; 5709; 261; true
../platinum-experiment-data/paired/DeciderMutants/10.als; 5709; 237; true
../platinum-experiment-data/paired/DeciderMutants/Decider.als; 2540; 210; true
../platinum-experiment-data/paired/DeciderMutants/Decider.als; 2540; 210; true
../platinum-experiment-data/paired/DeciderMutants/6.als; 2818; 209; true
../platinum-experiment-data/paired/DeciderMutants/6.als; 2818; 214; true
../platinum-experiment-data/paired/DeciderMutants/15.als; 2818; 214; true
../platinum-experiment-data/paired/DeciderMutants/15.als; 2818; 209; true
../platinum-experiment-data/paired/DeciderMutants/11.als; 6521; 236; true
../platinum-experiment-data/paired/DeciderMutants/11.als; 6521; 235; true
../platinum-experiment-data/paired/DeciderMutants/25.als; 5688; 231; true
../platinum-experiment-data/paired/DeciderMutants/25.als; 5688; 233; true
../platinum-experiment-data/paired/DeciderMutants/29.als; 2835; 214; true
../platinum-experiment-data/paired/DeciderMutants/29.als; 2835; 213; true
../platinum-experiment-data/paired/DeciderMutants/2.als; 2677; 224; true
../platinum-experiment-data/paired/DeciderMutants/2.als; 2677; 205; true
../platinum-experiment-data/paired/DeciderMutants/27.als; 2784; 210; true
../platinum-experiment-data/paired/DeciderMutants/27.als; 2784; 216; true
../platinum-experiment-data/paired/DeciderMutants/7.als; 2851; 220; true
../platinum-experiment-data/paired/DeciderMutants/7.als; 2851; 212; true
../platinum-experiment-data/paired/DeciderMutants/9.als; 2818; 211; true
../platinum-experiment-data/paired/DeciderMutants/9.als; 2818; 214; true
../platinum-experiment-data/paired/DeciderMutants/3.als; 2456; 209; true
../platinum-experiment-data/paired/DeciderMutants/3.als; 2456; 204; true
../platinum-experiment-data/paired/DeciderMutants/0.als; 2818; 218; true
../platinum-experiment-data/paired/DeciderMutants/0.als; 2818; 210; true
../platinum-experiment-data/paired/DeciderMutants/5.als; 5715; 241; true
../platinum-experiment-data/paired/DeciderMutants/5.als; 5715; 271; true
../platinum-experiment-data/paired/DeciderMutants/17.als; 2848; 210; true
../platinum-experiment-data/paired/DeciderMutants/17.als; 2848; 212; true
../platinum-experiment-data/paired/DeciderMutants/23.als; 2873; 211; true
../platinum-experiment-data/paired/DeciderMutants/23.als; 2873; 212; true
../platinum-experiment-data/paired/DeciderMutants/1.als; 2952; 211; true
../platinum-experiment-data/paired/DeciderMutants/1.als; 2952; 213; true
../platinum-experiment-data/paired/DeciderMutants/21.als; 2533; 210; true
../platinum-experiment-data/paired/DeciderMutants/21.als; 2533; 212; true
../platinum-experiment-data/paired/DeciderMutants/16.als; 2775; 210; true
../platinum-experiment-data/paired/DeciderMutants/16.als; 2775; 209; true
../platinum-experiment-data/paired/DeciderMutants/28.als; 2535; 211; true
../platinum-experiment-data/paired/DeciderMutants/28.als; 2535; 212; true
../platinum-experiment-data/paired/DeciderMutants/26.als; 2946; 209; true
../platinum-experiment-data/paired/DeciderMutants/26.als; 2946; 232; true
../platinum-experiment-data/paired/DeciderMutants/20.als; 2537; 220; true
../platinum-experiment-data/paired/DeciderMutants/20.als; 2537; 209; true
../platinum-experiment-data/paired/DeciderMutants/12.als; 5892; 244; true
../platinum-experiment-data/paired/DeciderMutants/12.als; 5892; 255; true
../platinum-experiment-data/paired/DeciderMutants/22.als; 2843; 210; true
../platinum-experiment-data/paired/DeciderMutants/22.als; 2843; 212; true
../platinum-experiment-data/paired/DeciderMutants/4.als; 3198; 218; true
../platinum-experiment-data/paired/DeciderMutants/4.als; 3198; 217; true
../platinum-experiment-data/paired/DeciderMutants/13.als; 2774; 213; true
../platinum-experiment-data/paired/DeciderMutants/13.als; 2774; 213; true
../platinum-experiment-data/paired/DeciderMutants/Declaration.als; 33587; 3237; true
../platinum-experiment-data/paired/DeciderMutants/Declaration.als; 33587; 3229; true
../platinum-experiment-data/paired/DeciderMutants/14.als; 3187; 214; true
../platinum-experiment-data/paired/EcommerceMutants/8.als; 2917; 228; false
../platinum-experiment-data/paired/EcommerceMutants/18.als; 0; 187; false
../platinum-experiment-data/paired/EcommerceMutants/18.als; 0; 209; false
../platinum-experiment-data/paired/EcommerceMutants/24.als; 0; 187; false
../platinum-experiment-data/paired/EcommerceMutants/24.als; 0; 186; false
../platinum-experiment-data/paired/EcommerceMutants/19.als; 0; 218; false
../platinum-experiment-data/paired/EcommerceMutants/19.als; 0; 203; false
../platinum-experiment-data/paired/EcommerceMutants/10.als; 2946; 225; false
../platinum-experiment-data/paired/EcommerceMutants/10.als; 2946; 226; false
../platinum-experiment-data/paired/EcommerceMutants/6.als; 0; 185; false
../platinum-experiment-data/paired/EcommerceMutants/6.als; 0; 187; false
../platinum-experiment-data/paired/EcommerceMutants/15.als; 0; 185; false
../platinum-experiment-data/paired/EcommerceMutants/15.als; 0; 184; false
../platinum-experiment-data/paired/EcommerceMutants/11.als; 0; 184; false
../platinum-experiment-data/paired/EcommerceMutants/11.als; 0; 183; false
../platinum-experiment-data/paired/EcommerceMutants/25.als; 0; 185; false
../platinum-experiment-data/paired/EcommerceMutants/25.als; 0; 189; false
../platinum-experiment-data/paired/EcommerceMutants/29.als; 2692; 220; false
../platinum-experiment-data/paired/EcommerceMutants/29.als; 2692; 222; false
../platinum-experiment-data/paired/EcommerceMutants/2.als; 2689; 218; false
../platinum-experiment-data/paired/EcommerceMutants/2.als; 2689; 222; false
../platinum-experiment-data/paired/EcommerceMutants/27.als; 0; 187; false
../platinum-experiment-data/paired/EcommerceMutants/27.als; 0; 227; false
../platinum-experiment-data/paired/EcommerceMutants/7.als; 0; 186; false
../platinum-experiment-data/paired/EcommerceMutants/7.als; 0; 187; false
../platinum-experiment-data/paired/EcommerceMutants/9.als; 0; 184; false
../platinum-experiment-data/paired/EcommerceMutants/9.als; 0; 188; false
../platinum-experiment-data/paired/EcommerceMutants/3.als; 2858; 240; false
../platinum-experiment-data/paired/EcommerceMutants/3.als; 2858; 223; false
../platinum-experiment-data/paired/EcommerceMutants/0.als; 0; 186; false
../platinum-experiment-data/paired/EcommerceMutants/0.als; 0; 199; false
../platinum-experiment-data/paired/EcommerceMutants/5.als; 0; 186; false
../platinum-experiment-data/paired/EcommerceMutants/5.als; 0; 188; false
../platinum-experiment-data/paired/EcommerceMutants/17.als; 0; 229; false
../platinum-experiment-data/paired/EcommerceMutants/17.als; 0; 186; false
../platinum-experiment-data/paired/EcommerceMutants/23.als; 0; 187; false
../platinum-experiment-data/paired/EcommerceMutants/23.als; 0; 190; false
../platinum-experiment-data/paired/EcommerceMutants/1.als; 2664; 218; false
../platinum-experiment-data/paired/EcommerceMutants/1.als; 2664; 219; false
../platinum-experiment-data/paired/EcommerceMutants/21.als; 0; 187; false
../platinum-experiment-data/paired/EcommerceMutants/21.als; 0; 191; false
../platinum-experiment-data/paired/EcommerceMutants/16.als; 0; 190; false
../platinum-experiment-data/paired/EcommerceMutants/16.als; 0; 188; false
../platinum-experiment-data/paired/EcommerceMutants/Ecommerce.als; 2949; 221; false
../platinum-experiment-data/paired/EcommerceMutants/Ecommerce.als; 2949; 222; false
../platinum-experiment-data/paired/EcommerceMutants/28.als; 2778; 219; false
../platinum-experiment-data/paired/EcommerceMutants/28.als; 2778; 223; false
../platinum-experiment-data/paired/EcommerceMutants/26.als; 2947; 221; false
../platinum-experiment-data/paired/EcommerceMutants/26.als; 2947; 225; false
../platinum-experiment-data/paired/EcommerceMutants/20.als; 0; 184; false
../platinum-experiment-data/paired/EcommerceMutants/20.als; 0; 185; false
../platinum-experiment-data/paired/EcommerceMutants/12.als; 2916; 225; false
../platinum-experiment-data/paired/EcommerceMutants/12.als; 2916; 224; false
../platinum-experiment-data/paired/EcommerceMutants/22.als; 2836; 226; false
../platinum-experiment-data/paired/EcommerceMutants/22.als; 2836; 219; false
../platinum-experiment-data/paired/EcommerceMutants/4.als; 2840; 223; false
../platinum-experiment-data/paired/EcommerceMutants/4.als; 2840; 223; false
../platinum-experiment-data/paired/EcommerceMutants/13.als; 2947; 223; false
../platinum-experiment-data/paired/EcommerceMutants/13.als; 2947; 226; false
../platinum-experiment-data/paired/EcommerceMutants/Declaration.als; 33587; 3299; true
../platinum-experiment-data/paired/EcommerceMutants/Declaration.als; 33587; 3237; true
../platinum-experiment-data/paired/EcommerceMutants/14.als; 0; 185; false
../platinum-experiment-data/paired/WordpressMutants/8.als; 2327; 213; true
../platinum-experiment-data/paired/WordpressMutants/18.als; 3279; 221; true
../platinum-experiment-data/paired/WordpressMutants/18.als; 3279; 221; true
../platinum-experiment-data/paired/WordpressMutants/24.als; 2332; 218; true
../platinum-experiment-data/paired/WordpressMutants/24.als; 2332; 214; true
../platinum-experiment-data/paired/WordpressMutants/19.als; 2329; 215; true
../platinum-experiment-data/paired/WordpressMutants/19.als; 2329; 214; true
../platinum-experiment-data/paired/WordpressMutants/10.als; 3996; 231; true
../platinum-experiment-data/paired/WordpressMutants/10.als; 3996; 227; true
../platinum-experiment-data/paired/WordpressMutants/6.als; 2316; 233; true
../platinum-experiment-data/paired/WordpressMutants/6.als; 2316; 216; true
../platinum-experiment-data/paired/WordpressMutants/15.als; 2093; 212; true
../platinum-experiment-data/paired/WordpressMutants/15.als; 2093; 213; true
../platinum-experiment-data/paired/WordpressMutants/11.als; 2236; 209; true
../platinum-experiment-data/paired/WordpressMutants/11.als; 2236; 249; true
../platinum-experiment-data/paired/WordpressMutants/25.als; 2329; 213; true
../platinum-experiment-data/paired/WordpressMutants/25.als; 2329; 213; true
../platinum-experiment-data/paired/WordpressMutants/29.als; 2086; 214; true
../platinum-experiment-data/paired/WordpressMutants/29.als; 2086; 216; true
../platinum-experiment-data/paired/WordpressMutants/2.als; 2098; 213; true
../platinum-experiment-data/paired/WordpressMutants/2.als; 2098; 218; true
../platinum-experiment-data/paired/WordpressMutants/27.als; 2872; 217; true
../platinum-experiment-data/paired/WordpressMutants/27.als; 2872; 242; true
../platinum-experiment-data/paired/WordpressMutants/Wordpress.als; 2102; 212; true
../platinum-experiment-data/paired/WordpressMutants/Wordpress.als; 2102; 211; true
../platinum-experiment-data/paired/WordpressMutants/7.als; 2096; 216; true
../platinum-experiment-data/paired/WordpressMutants/7.als; 2096; 214; true
../platinum-experiment-data/paired/WordpressMutants/9.als; 2102; 213; true
../platinum-experiment-data/paired/WordpressMutants/9.als; 2102; 218; true
../platinum-experiment-data/paired/WordpressMutants/3.als; 2467; 214; true
../platinum-experiment-data/paired/WordpressMutants/3.als; 2467; 214; true
../platinum-experiment-data/paired/WordpressMutants/0.als; 2095; 215; true
../platinum-experiment-data/paired/WordpressMutants/0.als; 2095; 211; true
../platinum-experiment-data/paired/WordpressMutants/5.als; 2424; 223; true
../platinum-experiment-data/paired/WordpressMutants/5.als; 2424; 230; true
../platinum-experiment-data/paired/WordpressMutants/17.als; 2578; 219; true
../platinum-experiment-data/paired/WordpressMutants/17.als; 2578; 217; true
../platinum-experiment-data/paired/WordpressMutants/23.als; 2340; 210; true
../platinum-experiment-data/paired/WordpressMutants/23.als; 2340; 219; true
../platinum-experiment-data/paired/WordpressMutants/1.als; 2332; 220; true
../platinum-experiment-data/paired/WordpressMutants/1.als; 2332; 209; true
../platinum-experiment-data/paired/WordpressMutants/21.als; 2239; 234; true
../platinum-experiment-data/paired/WordpressMutants/21.als; 2239; 214; true
../platinum-experiment-data/paired/WordpressMutants/16.als; 2181; 219; true
../platinum-experiment-data/paired/WordpressMutants/16.als; 2181; 211; true
../platinum-experiment-data/paired/WordpressMutants/28.als; 2328; 215; true
../platinum-experiment-data/paired/WordpressMutants/28.als; 2328; 221; true
../platinum-experiment-data/paired/WordpressMutants/26.als; 2328; 217; true
../platinum-experiment-data/paired/WordpressMutants/26.als; 2328; 233; true
../platinum-experiment-data/paired/WordpressMutants/20.als; 2869; 224; true
../platinum-experiment-data/paired/WordpressMutants/20.als; 2869; 225; true
../platinum-experiment-data/paired/WordpressMutants/12.als; 2094; 211; true
../platinum-experiment-data/paired/WordpressMutants/12.als; 2094; 214; true
../platinum-experiment-data/paired/WordpressMutants/22.als; 2094; 211; true
../platinum-experiment-data/paired/WordpressMutants/22.als; 2094; 215; true
../platinum-experiment-data/paired/WordpressMutants/4.als; 2102; 209; true
../platinum-experiment-data/paired/WordpressMutants/4.als; 2102; 213; true
../platinum-experiment-data/paired/WordpressMutants/13.als; 2557; 234; true
../platinum-experiment-data/paired/WordpressMutants/13.als; 2557; 219; true
../platinum-experiment-data/paired/WordpressMutants/Declaration.als; 33587; 3380; true
../platinum-experiment-data/paired/WordpressMutants/Declaration.als; 33587; 3235; true
../platinum-experiment-data/paired/WordpressMutants/14.als; 3495; 225; true
../platinum-experiment-data/scope/CSOSScope/CSOS53.als; 0; 207; false
../platinum-experiment-data/scope/CSOSScope/CSOS55.als; 0; 209; false
../platinum-experiment-data/scope/CSOSScope/CSOS55.als; 0; 207; false
../platinum-experiment-data/scope/CSOSScope/CSOS56.als; 0; 210; false
../platinum-experiment-data/scope/CSOSScope/CSOS56.als; 0; 210; false
../platinum-experiment-data/scope/CSOSScope/CSOS54.als; 0; 208; false
../platinum-experiment-data/scope/CSOSScope/CSOS54.als; 0; 212; false
../platinum-experiment-data/scope/CSOSScope/CSOS52.als; 0; 214; false
../platinum-experiment-data/scope/CSOSScope/CSOS52.als; 0; 208; false
../platinum-experiment-data/scope/CSOSScope/CSOS51.als; 0; 209; false
../platinum-experiment-data/scope/CSOSScope/CSOS51.als; 0; 211; false
../platinum-experiment-data/scope/CSOSScope/Declaration.als; 33587; 3465; true
../platinum-experiment-data/scope/DeciderScope/Decider52.als; 2540; 232; true
../platinum-experiment-data/scope/DeciderScope/Decider55.als; 2540; 210; true
../platinum-experiment-data/scope/DeciderScope/Decider55.als; 2540; 209; true
../platinum-experiment-data/scope/DeciderScope/Decider51.als; 2540; 212; true
../platinum-experiment-data/scope/DeciderScope/Decider51.als; 2540; 213; true
../platinum-experiment-data/scope/DeciderScope/Decider50.als; 2804; 213; true
../platinum-experiment-data/scope/DeciderScope/Decider50.als; 2804; 268; true
../platinum-experiment-data/scope/DeciderScope/Decider53.als; 2540; 213; true
../platinum-experiment-data/scope/DeciderScope/Decider53.als; 2540; 208; true
../platinum-experiment-data/scope/DeciderScope/Declaration.als; 33587; 3231; true
../platinum-experiment-data/scope/DeciderScope/Declaration.als; 33587; 3237; true
../platinum-experiment-data/scope/DeciderScope/Decider54.als; 2540; 211; true
../platinum-experiment-data/scope/EcommerceScope/Ecommerce52.als; 2949; 225; false
../platinum-experiment-data/scope/EcommerceScope/Ecommerce50.als; 2949; 270; false
../platinum-experiment-data/scope/EcommerceScope/Ecommerce50.als; 2949; 222; false
../platinum-experiment-data/scope/EcommerceScope/Ecommerce53.als; 2949; 222; false
../platinum-experiment-data/scope/EcommerceScope/Ecommerce53.als; 2949; 222; false
../platinum-experiment-data/scope/EcommerceScope/Ecommerce51.als; 2949; 221; false
../platinum-experiment-data/scope/EcommerceScope/Ecommerce51.als; 2949; 249; false
../platinum-experiment-data/scope/EcommerceScope/Ecommerce54.als; 2949; 220; false
../platinum-experiment-data/scope/EcommerceScope/Ecommerce54.als; 2949; 229; false
../platinum-experiment-data/scope/EcommerceScope/Ecommerce55.als; 2949; 226; false
../platinum-experiment-data/scope/EcommerceScope/Ecommerce55.als; 2949; 220; false
../platinum-experiment-data/scope/EcommerceScope/Declaration.als; 33587; 3211; true
../platinum-experiment-data/scope/WordpressScope/Wordpress34.als; 2102; 216; true
../platinum-experiment-data/scope/WordpressScope/Wordpress35.als; 2102; 209; true
../platinum-experiment-data/scope/WordpressScope/Wordpress35.als; 2102; 216; true
../platinum-experiment-data/scope/WordpressScope/Wordpress33.als; 2102; 214; true
../platinum-experiment-data/scope/WordpressScope/Wordpress33.als; 2102; 213; true
../platinum-experiment-data/scope/WordpressScope/Wordpress37.als; 2102; 210; true
../platinum-experiment-data/scope/WordpressScope/Wordpress37.als; 2102; 213; true
../platinum-experiment-data/scope/WordpressScope/Wordpress32.als; 2102; 217; true
../platinum-experiment-data/scope/WordpressScope/Wordpress32.als; 2102; 218; true
../platinum-experiment-data/scope/WordpressScope/Wordpress36.als; 2102; 231; true
../platinum-experiment-data/scope/WordpressScope/Wordpress36.als; 2102; 210; true
../platinum-experiment-data/scope/WordpressScope/Declaration.als; 33587; 3209; true
