../models-master/algorithms/distributed-hashtable/chord.als; ../models-master/algorithms/distributed-hashtable/chord2.als; 181105; 3985; false
../models-master/algorithms/distributed-hashtable/chord.als; ../models-master/algorithms/distributed-hashtable/chord2.als; 181105; 4214; false
../models-master/algorithms/distributed-hashtable/chord.als; ../models-master/algorithms/distributed-hashtable/chord2.als; 181105; 4171; false
../models-master/algorithms/distributed-hashtable/chord.als; ../models-master/algorithms/distributed-hashtable/chord2.als; 181105; 4006; false
../models-master/algorithms/distributed-hashtable/chord.als; ../models-master/algorithms/distributed-hashtable/chord2.als; 181105; 4043; false
../models-master/algorithms/distributed-hashtable/chord.als; ../models-master/algorithms/distributed-hashtable/chord2.als; 181105; 4029; false
../models-master/algorithms/distributed-hashtable/chord.als; ../models-master/algorithms/distributed-hashtable/chord2.als; 181105; 3996; false
../models-master/algorithms/distributed-hashtable/chord.als; ../models-master/algorithms/distributed-hashtable/chord2.als; 181105; 4002; false
../models-master/algorithms/distributed-hashtable/chord.als; ../models-master/algorithms/distributed-hashtable/chord2.als; 181105; 4055; false
../models-master/algorithms/distributed-hashtable/chord.als; ../models-master/algorithms/distributed-hashtable/chord2.als; 181105; 4051; false
../models-master/algorithms/distributed-hashtable/chord.als; ../models-master/algorithms/distributed-hashtable/chord2.als; 181105; 4014; false
../models-master/algorithms/distributed-hashtable/chord.als; ../models-master/algorithms/distributed-hashtable/chord2.als; 181105; 3945; false
../models-master/algorithms/distributed-hashtable/chord.als; ../models-master/algorithms/distributed-hashtable/chord2.als; 181105; 4000; false
../models-master/algorithms/distributed-hashtable/chord.als; ../models-master/algorithms/distributed-hashtable/chord2.als; 181105; 3983; false
../models-master/algorithms/distributed-hashtable/chord.als; ../models-master/algorithms/distributed-hashtable/chord2.als; 181105; 4005; false
../models-master/algorithms/distributed-hashtable/chord.als; ../models-master/algorithms/distributed-hashtable/chord2.als; 181105; 4125; false
../models-master/algorithms/distributed-hashtable/chord.als; ../models-master/algorithms/distributed-hashtable/chord2.als; 181105; 4003; false
